id_tweet,data_brt,cidadao,stance,confianca,notas,origem
12775711,2014-10-23T07:53:08,N,NDA,3,,manual
14608580,2014-10-24T13:44:11,S,EA,3,,manual
14564531,2014-10-24T15:05:39,S,NDA,3,,manual
11858434,2014-10-22T23:58:57,S,EA,2,,manual
10882963,2014-10-20T07:09:38,S,NDA,3,,manual
14587714,2014-10-24T14:20:59,N,NDA,3,,manual
15043104,2014-10-25T18:35:25,S,NDA,3,,manual
11590653,2014-10-21T16:00:56,S,NDA,3,,manual
14222388,2014-10-24T22:34:39,S,EA,2,,manual
12562501,2014-10-23T17:20:11,S,NDA,3,,manual
14101457,2014-10-24T22:56:37,S,EA,3,,manual
14521805,2014-10-24T16:37:05,S,NDA,3,,manual
12244901,2014-10-22T07:56:32,S,NDA,3,,manual
10433071,2014-10-19T09:26:34,S,NDA,3,,manual
12527953,2014-10-23T18:26:43,S,NDA,3,,manual
10370266,2014-10-19T13:05:36,S,NDA,3,manchete,manual
15125341,2014-10-25T15:45:48,S,NDA,1,idioma,manual
14762001,2014-10-24T07:44:23,N,NDA,3,,manual
10298589,2014-10-19T17:00:47,S,ED,2,,manual
11706738,2014-10-21T11:13:50,S,NDA,3,manchete,manual
10187389,2014-10-19T22:09:11,S,ED,2,,manual
10230459,2014-10-19T20:28:46,S,NDA,3,manchete,manual
10304072,2014-10-19T16:43:22,S,NDA,3,manchete,manual
12033843,2014-10-22T17:49:25,S,ED,2,,manual
14538355,2014-10-24T16:01:46,S,EA,2,,manual
9905882,2014-10-19T23:53:01,S,ED,3,,manual
14812305,2014-10-24T02:29:17,S,NDA,3,manchete,manual
13764372,2014-10-25T00:15:42,S,EA,3,,manual
12596007,2014-10-23T16:00:24,S,EA,3,,manual
12448044,2014-10-23T21:08:30,S,EA,2,manchete,manual
12570834,2014-10-23T17:06:23,N,NDA,3,,manual
14482037,2014-10-24T18:05:16,N,ED,2,link_morto,manual
12207779,2014-10-22T10:05:26,S,NDA,3,manchete,manual
10612121,2014-10-20T21:10:55,N,NDA,3,,manual
14140623,2014-10-24T22:50:03,S,EA,2,,manual
14576220,2014-10-24T14:42:23,S,NDA,3,,propagado
13843167,2014-10-24T23:41:55,S,EA,2,,manual
12746875,2014-10-23T09:35:37,S,NDA,3,idioma,manual
15027416,2014-10-25T18:57:43,N,NDA,3,,manual
15241555,2014-10-25T11:58:43,N,NDA,3,,manual
15048453,2014-10-25T18:27:21,S,ED,2,manchete,manual
10084401,2014-10-19T22:54:36,N,NDA,3,manchete,manual
14982914,2014-10-25T20:11:10,S,NDA,2,,manual
13952875,2014-10-24T23:21:54,S,ED,2,,manual
10731916,2014-10-20T15:42:52,S,NDA,2,,manual
10519346,2014-10-21T00:25:05,S,NDA,2,,manual
10401550,2014-10-19T11:30:03,N,EA,3,link_morto,manual
14955790,2014-10-25T20:51:33,S,NDA,3,,manual
14358818,2014-10-24T21:54:29,S,NDA,3,,manual
13775413,2014-10-25T00:10:34,N,NDA,3,,manual
13926964,2014-10-24T23:26:30,S,NDA,3,,manual
14965922,2014-10-25T20:37:06,S,EA,2,,manual
15198225,2014-10-25T13:27:11,S,NDA,2,link_morto,manual
12501902,2014-10-23T19:24:24,S,NDA,3,,manual
15080484,2014-10-25T17:18:58,S,EA,3,link_morto,manual
15152774,2014-10-25T14:52:08,S,NDA,3,,manual
12602394,2014-10-23T15:42:22,S,NDA,3,,manual
11452959,2014-10-21T21:20:18,S,ED,2,,manual
12565559,2014-10-23T17:15:05,N,NDA,3,,manual
11657133,2014-10-21T13:11:02,S,NDA,3,,manual
14901083,2014-10-25T22:13:42,S,EA,3,,manual
14122166,2014-10-24T22:53:38,S,EA,2,,manual
10253717,2014-10-19T19:23:49,N,EA,2,,manual
11606207,2014-10-21T15:20:40,S,NDA,3,,manual
10228735,2014-10-19T20:33:11,S,NDA,3,manchete,manual
14169968,2014-10-24T22:44:18,S,EA,3,,manual
13938575,2014-10-24T23:24:25,S,EA,2,,manual
12624533,2014-10-23T14:45:42,S,NDA,2,,manual
12513630,2014-10-23T18:57:40,S,NDA,3,link_morto,manual
12649840,2014-10-23T13:43:24,S,EA,2,,manual
12024627,2014-10-22T18:11:52,S,ED,2,,manual
12477869,2014-10-23T20:16:54,S,EA,2,,manual
12553537,2014-10-23T17:35:59,S,NDA,3,link_morto,manual
14857718,2014-10-25T23:27:06,S,NDA,3,,manual
14900698,2014-10-25T22:14:24,S,EA,2,,manual
14145873,2014-10-24T22:49:02,S,EA,2,,manual
12538415,2014-10-23T18:05:38,N,NDA,3,,manual
14303879,2014-10-24T22:21:37,S,EA,2,idioma,manual
12596786,2014-10-23T15:58:13,S,EA,3,,manual
14859598,2014-10-25T23:23:40,S,EA,2,,manual
14271582,2014-10-24T22:27:06,S,EA,2,,manual
9858244,2014-10-20T00:17:08,S,NDA,3,,manual
10350573,2014-10-19T14:04:03,S,EA,2,,manual
13939606,2014-10-24T23:24:15,N,NDA,3,,manual
14033575,2014-10-24T23:08:44,S,EA,2,,manual
12480867,2014-10-23T20:10:48,S,NDA,3,manchete,manual
14860079,2014-10-25T23:22:45,S,NDA,3,,manual
11573519,2014-10-21T16:45:50,S,ED,2,,manual
12192069,2014-10-22T10:51:42,S,NDA,3,,manual
12562995,2014-10-23T17:19:20,N,NDA,3,,propagado
12554309,2014-10-23T17:34:40,S,NDA,3,,manual
11513838,2014-10-21T19:17:55,S,NDA,3,,manual
11485471,2014-10-21T20:20:08,N,NDA,3,,manual
14017808,2014-10-24T23:11:30,S,ED,2,,manual
14738508,2014-10-24T09:02:49,N,ED,2,,manual
15371920,2014-10-25T02:48:55,S,EA,2,,manual
10214238,2014-10-19T21:07:50,S,ED,2,,manual
10428276,2014-10-19T09:49:46,N,NDA,3,link_morto,manual
15036337,2014-10-25T18:44:13,S,NDA,3,,manual
12533626,2014-10-23T18:15:23,S,NDA,3,manchete,manual
14873682,2014-10-25T22:59:36,S,ED,2,,manual
10753495,2014-10-20T14:36:08,S,NDA,3,,manual
12762925,2014-10-23T08:42:34,S,EA,2,,manual
14721635,2014-10-24T09:48:06,S,ED,2,,manual
11898533,2014-10-22T22:34:52,S,NDA,3,,manual
14986820,2014-10-25T20:05:05,S,EA,2,,manual
12741764,2014-10-23T09:50:58,S,NDA,3,,manual
14907286,2014-10-25T22:03:41,S,EA,3,link_morto,propagado
10006892,2014-10-19T23:18:50,S,NDA,3,,manual
15360575,2014-10-25T03:51:25,S,NDA,3,link_morto,propagado
12534840,2014-10-23T18:12:53,S,NDA,3,manchete,propagado
12155156,2014-10-22T12:29:50,S,ED,2,manchete,manual
10789133,2014-10-20T12:51:21,S,NDA,3,,manual
12648820,2014-10-23T13:45:30,S,EA,3,,propagado
15125387,2014-10-25T15:45:42,N,NDA,3,,manual
10231074,2014-10-19T20:27:02,S,NDA,3,manchete,propagado
11882851,2014-10-22T23:05:23,S,NDA,1,link_morto,manual
10691925,2014-10-20T17:54:08,S,NDA,3,,manual
14374867,2014-10-24T21:29:42,S,ED,3,manchete,manual
13980365,2014-10-24T23:17:35,S,EA,2,,propagado
9884473,2014-10-20T00:00:57,S,NDA,3,,manual
15116074,2014-10-25T16:04:34,S,EA,3,link_morto,propagado
12527770,2014-10-23T18:27:08,S,NDA,3,manchete,propagado
11553403,2014-10-21T17:36:56,S,NDA,1,link_morto,manual
12561443,2014-10-23T17:21:55,N,NDA,3,,manual
15363609,2014-10-25T03:31:37,S,ED,1,,manual
10511000,2014-10-21T00:47:38,S,ED,2,manchete,manual
10554851,2014-10-20T23:07:03,S,NDA,2,,propagado
14347345,2014-10-24T22:08:51,S,NDA,3,,manual
15107582,2014-10-25T16:21:47,S,ED,2,manchete,manual
13837050,2014-10-24T23:43:06,S,ED,2,,manual
11493390,2014-10-21T20:03:35,N,NDA,3,,manual
12032019,2014-10-22T17:54:02,S,EA,2,,manual
12479704,2014-10-23T20:13:19,S,NDA,3,,manual
12647987,2014-10-23T13:47:33,S,EA,3,,propagado
14590689,2014-10-24T14:15:44,S,ED,2,manchete,manual
14415689,2014-10-24T20:23:04,S,ED,2,link_morto,manual
15053872,2014-10-25T18:16:05,S,EA,2,manchete,manual
9975344,2014-10-19T23:28:43,S,NDA,3,terceiro,manual
14594988,2014-10-24T14:08:19,S,ED,2,manchete,propagado
10177156,2014-10-19T22:20:31,S,NDA,3,,manual
15256182,2014-10-25T11:28:19,S,NDA,3,idioma,manual
15092563,2014-10-25T16:54:28,S,ED,2,,manual
11530359,2014-10-21T18:36:54,?,NDA,3,,manual
12536540,2014-10-23T18:09:33,S,NDA,3,,manual
12160518,2014-10-22T12:16:10,N,ED,2,manchete,manual
12546005,2014-10-23T17:49:51,S,NDA,3,,manual
10182767,2014-10-19T22:16:00,S,EA,3,,manual
13943966,2014-10-24T23:23:33,S,EA,2,,manual
14070916,2014-10-24T23:01:15,N,NDA,3,,manual
14941794,2014-10-25T21:09:47,S,ED,2,,manual
11726439,2014-10-21T10:22:02,S,NDA,3,manchete,propagado
10261583,2014-10-19T18:58:31,N,NDA,3,,manual
14716565,2014-10-24T10:00:27,S,NDA,3,link_morto,manual
15044112,2014-10-25T18:34:16,N,NDA,3,,manual
14741497,2014-10-24T08:53:32,S,NDA,3,,manual
12547828,2014-10-23T17:46:29,S,ED,2,,manual
14597242,2014-10-24T14:03:57,S,NDA,2,,manual
12183245,2014-10-22T11:16:49,S,EA,2,,manual
15296425,2014-10-25T09:50:06,N,NDA,3,,manual
12233303,2014-10-22T08:42:44,S,NDA,3,,manual
11728623,2014-10-21T10:14:52,S,NDA,3,,manual
12206958,2014-10-22T10:07:55,S,NDA,3,,manual
10756078,2014-10-20T14:28:00,S,NDA,2,,propagado
9990234,2014-10-19T23:24:05,S,EA,2,,manual
12192553,2014-10-22T10:50:16,S,NDA,3,,manual
15115379,2014-10-25T16:05:53,S,EA,3,link_morto,propagado
12599243,2014-10-23T15:51:20,S,EA,3,,manual
13798333,2014-10-25T00:01:31,S,EA,2,,manual
10589621,2014-10-20T21:59:09,S,NDA,3,manchete,manual
12635840,2014-10-23T14:17:38,S,ED,3,,manual
13852391,2014-10-24T23:40:04,S,EA,2,,propagado
12429128,2014-10-23T21:45:30,S,NDA,3,,manual
12042862,2014-10-22T17:25:00,S,NDA,3,manchete,manual
11852256,2014-10-23T00:13:33,S,EA,2,,manual
15015703,2014-10-25T19:17:25,N,NDA,3,,propagado
12831652,2014-10-23T01:49:17,S,EA,3,,manual
10891053,2014-10-20T06:13:07,S,NDA,3,,propagado
14936035,2014-10-25T21:18:26,S,ED,2,,propagado
13994276,2014-10-24T23:15:22,S,EA,2,,manual
12743688,2014-10-23T09:45:27,S,NDA,3,manchete,manual
14579062,2014-10-24T14:37:03,S,EA,2,link_morto,manual
12504858,2014-10-23T19:18:08,S,NDA,3,manchete,manual
10857135,2014-10-20T09:11:45,S,NDA,3,manchete,manual
9876021,2014-10-20T00:04:46,S,NDA,3,,manual
14414995,2014-10-24T20:24:34,S,NDA,3,manchete,manual
11620069,2014-10-21T14:43:04,S,NDA,3,,manual
10184406,2014-10-19T22:13:48,S,NDA,3,manchete,propagado
14166641,2014-10-24T22:45:01,S,NDA,3,,manual
9887647,2014-10-19T23:59:46,S,NDA,2,link_morto,propagado
14303227,2014-10-24T22:21:44,S,EA,3,,manual
14744291,2014-10-24T08:44:48,S,EA,2,manchete,manual
11711377,2014-10-21T11:03:17,S,NDA,3,manchete,manual
12533949,2014-10-23T18:14:42,S,NDA,3,manchete,propagado
14932609,2014-10-25T21:23:46,S,NDA,3,manchete,manual
12463520,2014-10-23T20:42:09,S,EA,2,,manual
11599829,2014-10-21T15:36:42,S,NDA,3,manchete,manual
14941243,2014-10-25T21:10:34,N,NDA,3,,propagado
12498331,2014-10-23T19:32:05,S,NDA,3,manchete,manual
14688788,2014-10-24T11:04:52,S,ED,3,,manual
10274284,2014-10-19T18:19:11,S,NDA,3,manchete,manual
12738708,2014-10-23T10:00:09,S,ED,2,,manual
13791009,2014-10-25T00:04:25,S,EA,2,,propagado
15211663,2014-10-25T12:59:04,S,NDA,3,idioma,manual
15180921,2014-10-25T14:00:22,N,NDA,3,manchete,manual
14996421,2014-10-25T19:50:10,N,NDA,3,,manual
12491219,2014-10-23T19:47:56,S,NDA,3,manchete,manual
12467159,2014-10-23T20:36:38,S,EA,3,,manual
14940904,2014-10-25T21:11:03,N,NDA,3,manchete,manual
12434598,2014-10-23T21:34:50,S,EA,2,,manual
10617678,2014-10-20T21:00:10,S,NDA,3,manchete,manual
10661548,2014-10-20T19:30:59,S,NDA,3,manchete,manual
10886673,2014-10-20T06:46:21,S,NDA,3,,propagado
11548825,2014-10-21T17:48:19,S,NDA,1,link_morto,manual
11844760,2014-10-23T00:32:41,S,NDA,3,,manual
12254535,2014-10-22T07:07:14,S,NDA,3,manchete,manual
10604661,2014-10-20T21:26:17,S,NDA,3,,manual
10710261,2014-10-20T16:52:46,S,NDA,1,,manual
11693172,2014-10-21T11:45:19,S,ED,3,,manual
14594142,2014-10-24T14:09:53,S,EA,2,,manual
12095494,2014-10-22T15:05:14,N,NDA,3,manchete,manual
12460355,2014-10-23T20:46:55,S,EA,2,manchete,propagado
12616777,2014-10-23T15:05:15,S,EA,3,,propagado
14991189,2014-10-25T19:58:09,N,NDA,3,manchete,manual
10779041,2014-10-20T13:19:05,S,ED,2,,manual
12088949,2014-10-22T15:23:05,S,EA,3,,manual
11476977,2014-10-21T20:36:05,S,EA,2,,manual
9908712,2014-10-19T23:51:57,S,NDA,3,manchete,manual
14191545,2014-10-24T22:39:34,N,ED,3,,manual
10208132,2014-10-19T21:24:00,S,NDA,3,manchete,propagado
11725805,2014-10-21T10:24:06,S,NDA,3,manchete,manual
10219964,2014-10-19T20:52:41,S,NDA,3,manchete,propagado
12433821,2014-10-23T21:36:21,S,NDA,3,link_morto,manual
10546108,2014-10-20T23:25:20,S,NDA,3,manchete,manual
12364574,2014-10-23T23:28:51,N,NDA,3,manchete,manual
12645841,2014-10-23T13:52:59,S,EA,3,,propagado
11546566,2014-10-21T17:54:28,S,NDA,3,link_morto,manual
13939498,2014-10-24T23:24:16,S,EA,2,,propagado
14663449,2014-10-24T12:01:13,S,NDA,3,manchete,manual
14340658,2014-10-24T22:13:22,S,EA,3,,manual
14731221,2014-10-24T09:23:43,S,NDA,3,manchete,manual
10080101,2014-10-19T22:55:47,N,NDA,3,manchete,manual
11646239,2014-10-21T13:35:24,N,NDA,3,manchete,manual
14563538,2014-10-24T15:07:41,N,NDA,3,manchete,manual
14636163,2014-10-24T12:59:56,N,NDA,3,manchete,manual
11898102,2014-10-22T22:35:40,S,NDA,3,,propagado
14974262,2014-10-25T20:24:33,S,NDA,3,,manual
15116015,2014-10-25T16:04:40,S,EA,2,,manual
12145535,2014-10-22T12:54:37,N,NDA,3,manchete,manual
12834211,2014-10-23T01:38:30,S,NDA,3,,manual
14955584,2014-10-25T20:51:48,N,NDA,3,manchete,manual
14146808,2014-10-24T22:48:51,S,ED,2,,manual
14659791,2014-10-24T12:09:29,S,ED,3,link_morto,manual
12274682,2014-10-22T04:38:15,S,EA,3,,manual
14416804,2014-10-24T20:20:36,N,NDA,3,manchete,manual
12696623,2014-10-23T11:52:58,S,NDA,3,,manual
12762313,2014-10-23T08:44:47,N,EA,2,manchete,manual
14704258,2014-10-24T10:29:18,S,ED,2,,manual
12637554,2014-10-23T14:13:11,N,NDA,3,,manual
10183152,2014-10-19T22:15:32,S,NDA,3,,propagado
11615315,2014-10-21T14:56:31,S,NDA,3,,manual
10153142,2014-10-19T22:32:04,S,ED,2,,manual
15229513,2014-10-25T12:24:33,N,NDA,3,,manual
10626355,2014-10-20T20:44:54,S,NDA,3,,manual
10097519,2014-10-19T22:51:03,S,NDA,3,,propagado
10628247,2014-10-20T20:41:47,S,NDA,3,,propagado
12011740,2014-10-22T18:41:59,S,EA,2,,manual
14989082,2014-10-25T20:01:28,N,NDA,3,manchete,propagado
10667998,2014-10-20T19:11:37,S,EA,2,,manual
14863492,2014-10-25T23:16:42,N,NDA,3,,manual
11695625,2014-10-21T11:39:54,N,NDA,3,,manual
12582544,2014-10-23T16:36:34,S,ED,2,,manual
10202372,2014-10-19T21:39:21,S,ED,2,,propagado
11515117,2014-10-21T19:14:45,N,EA,2,,manual
10630399,2014-10-20T20:38:02,S,NDA,3,,propagado
10676255,2014-10-20T18:45:13,S,NDA,3,terceiro,manual
12374740,2014-10-23T23:12:10,S,ED,1,idioma,manual
12500335,2014-10-23T19:27:48,S,NDA,3,manchete,propagado
14954006,2014-10-25T20:53:55,N,NDA,3,manchete,propagado
10509395,2014-10-21T00:51:56,S,NDA,3,,manual
14344815,2014-10-24T22:11:22,?,NDA,3,idioma,manual
12630444,2014-10-23T14:30:57,S,EA,3,,propagado
14812874,2014-10-24T02:27:01,S,NDA,3,,manual
10738168,2014-10-20T15:22:26,S,NDA,3,,manual
15364017,2014-10-25T03:29:25,N,ED,2,rt_ironico,manual
10211578,2014-10-19T21:15:21,S,ED,2,,propagado
15123647,2014-10-25T15:49:13,S,NDA,3,,manual
14595292,2014-10-24T14:07:44,S,ED,2,manchete,propagado
12795340,2014-10-23T05:56:48,S,NDA,1,,manual
12424270,2014-10-23T21:53:35,S,ED,2,,manual
12366191,2014-10-23T23:26:07,S,NDA,2,,manual
11667681,2014-10-21T12:46:50,S,EA,2,,manual
12620128,2014-10-23T14:56:53,S,NDA,3,,manual
10320885,2014-10-19T15:44:24,S,NDA,3,manchete,propagado
12231571,2014-10-22T08:48:38,S,ED,2,,propagado
14928764,2014-10-25T21:29:32,N,NDA,3,,manual
11712210,2014-10-21T11:01:11,S,NDA,2,manchete,manual
14678078,2014-10-24T11:28:27,S,ED,3,,manual
11521475,2014-10-21T18:59:04,S,NDA,1,link_morto,manual
12658097,2014-10-23T13:25:23,S,NDA,3,manchete,propagado
10623394,2014-10-20T20:49:52,S,NDA,3,,manual
12472393,2014-10-23T20:27:11,S,NDA,3,manchete,propagado
12766749,2014-10-23T08:29:07,S,ED,2,,manual
12782945,2014-10-23T07:17:53,S,EA,2,link_morto,manual
10766189,2014-10-20T13:57:04,N,NDA,3,,manual
11935725,2014-10-22T21:18:05,S,NDA,3,,manual
12564485,2014-10-23T17:16:52,S,NDA,3,,propagado
10022977,2014-10-19T23:14:01,S,EA,2,,propagado
10735030,2014-10-20T15:32:52,S,ED,3,,manual
12746090,2014-10-23T09:38:09,N,NDA,3,,manual
12462775,2014-10-23T20:43:14,S,NDA,3,,manual
10432233,2014-10-19T09:31:02,S,NDA,3,,manual
12681769,2014-10-23T12:29:29,S,NDA,2,link_morto,propagado
13756794,2014-10-25T00:19:35,S,EA,2,,propagado
14668006,2014-10-24T11:50:50,S,NDA,2,,manual
15021506,2014-10-25T19:07:33,N,NDA,3,,manual
14021029,2014-10-24T23:10:59,S,NDA,3,,manual
9969897,2014-10-19T23:30:37,S,NDA,2,rt_ironico,manual
14472758,2014-10-24T18:25:39,S,EA,3,,propagado
10230041,2014-10-19T20:29:55,S,ED,3,,manual
15062568,2014-10-25T17:56:56,N,NDA,3,,manual
13886526,2014-10-24T23:33:10,S,EA,2,,manual
14268268,2014-10-24T22:27:40,S,ED,3,,manual
10627928,2014-10-20T20:42:18,S,NDA,3,,manual
10184134,2014-10-19T22:14:15,N,NDA,3,link_morto,manual
10646158,2014-10-20T20:10:44,S,NDA,3,manchete,manual
12388620,2014-10-23T22:50:06,N,NDA,3,,manual
15266098,2014-10-25T11:06:51,S,ED,2,manchete,manual
15043493,2014-10-25T18:35:00,S,NDA,3,manchete,manual
12773461,2014-10-23T08:03:06,S,EA,2,,manual
14414766,2014-10-24T20:25:03,S,EA,2,,manual
12554684,2014-10-23T17:34:01,N,NDA,3,,manual
10277291,2014-10-19T18:09:22,S,NDA,3,,manual
10203771,2014-10-19T21:35:46,S,NDA,3,manchete,propagado
11680828,2014-10-21T12:15:07,?,NDA,3,,manual
10596903,2014-10-20T21:42:44,S,NDA,3,manchete,propagado
12470050,2014-10-23T20:31:33,S,NDA,3,link_morto,propagado
12092328,2014-10-22T15:13:33,S,NDA,3,manchete,propagado
10816434,2014-10-20T11:32:19,S,EA,2,,manual
15091845,2014-10-25T16:55:54,S,NDA,3,manchete,manual
10261985,2014-10-19T18:57:22,N,NDA,3,,propagado
15048677,2014-10-25T18:26:56,S,NDA,3,manchete,manual
10504940,2014-10-19T01:05:16,S,NDA,3,manchete,manual
11438251,2014-10-21T21:49:29,S,NDA,3,manchete,propagado
11966435,2014-10-22T20:19:50,S,EA,2,manchete,manual
13775878,2014-10-25T00:10:21,S,EA,2,,manual
9861761,2014-10-20T00:14:15,S,NDA,3,,propagado
12422746,2014-10-23T21:56:20,S,EA,1,idioma,manual
14140198,2014-10-24T22:50:07,S,NDA,3,,manual
14952388,2014-10-25T20:56:26,S,NDA,3,,manual
14563500,2014-10-24T15:07:46,S,ED,2,,manual
10540995,2014-10-20T23:35:56,S,NDA,3,,manual
14969339,2014-10-25T20:31:55,S,NDA,3,,manual
12003488,2014-10-22T19:00:37,S,NDA,3,manchete,manual
14936900,2014-10-25T21:17:07,S,NDA,3,manchete,propagado
15044734,2014-10-25T18:33:30,S,EA,2,,manual
12766911,2014-10-23T08:28:25,S,ED,2,,propagado
12687216,2014-10-23T12:16:00,S,EA,2,,manual
10558682,2014-10-20T22:58:59,S,EA,2,,manual
15202351,2014-10-25T13:18:26,S,NDA,3,manchete,manual
9860980,2014-10-20T00:14:53,S,NDA,3,,propagado
14044851,2014-10-24T23:06:28,S,NDA,2,,manual
15129546,2014-10-25T15:36:50,S,NDA,3,manchete,manual
12216915,2014-10-22T09:37:01,S,ED,2,,manual
13990546,2014-10-24T23:16:04,S,EA,2,,manual
14922023,2014-10-25T21:40:07,S,NDA,3,,manual
14684186,2014-10-24T11:14:53,S,NDA,2,link_morto,manual
15043640,2014-10-25T18:34:50,S,NDA,3,,manual
14425973,2014-10-24T20:01:46,S,NDA,3,,manual
10262057,2014-10-19T18:57:09,N,NDA,3,,propagado
14650497,2014-10-24T12:29:18,S,EA,3,,propagado
11752014,2014-10-21T08:55:36,S,NDA,3,,manual
14943807,2014-10-25T21:07:10,S,NDA,3,,manual
14995288,2014-10-25T19:51:43,S,NDA,3,manchete,propagado
12444461,2014-10-23T21:15:19,?,NDA,1,link_morto,manual
12263923,2014-10-22T06:06:14,S,NDA,3,manchete,propagado
12196661,2014-10-22T10:37:56,N,NDA,3,,manual
12445691,2014-10-23T21:12:53,S,NDA,2,,manual
12220669,2014-10-22T09:24:41,S,NDA,3,,manual
10740082,2014-10-20T15:16:05,S,NDA,3,,manual
12078950,2014-10-22T15:50:05,S,NDA,3,,manual
12409835,2014-10-23T22:18:36,N,NDA,3,,manual
12532415,2014-10-23T18:17:45,S,NDA,3,manchete,propagado
15042446,2014-10-25T18:36:11,S,NDA,3,,propagado
13786014,2014-10-25T00:06:18,S,EA,3,,manual
10320300,2014-10-19T15:46:22,S,NDA,3,manchete,propagado
11775790,2014-10-21T07:09:00,S,NDA,3,manchete,propagado
14015816,2014-10-24T23:11:50,S,NDA,3,,manual
14498959,2014-10-24T17:26:52,S,NDA,3,,manual
11487402,2014-10-21T20:16:29,S,ED,2,,manual
14931720,2014-10-25T21:25:07,N,NDA,3,,manual
14351285,2014-10-24T22:04:06,N,NDA,3,,manual
12567928,2014-10-23T17:11:08,N,NDA,3,,manual
10150714,2014-10-19T22:33:01,S,NDA,3,,manual
14215991,2014-10-24T22:35:33,S,ED,2,,manual
14014998,2014-10-24T23:11:58,N,NDA,3,,manual
14338524,2014-10-24T22:14:00,S,NDA,3,,manual
10366104,2014-10-19T13:16:45,S,NDA,3,idioma,manual
14422826,2014-10-24T20:08:07,S,NDA,3,,manual
13752459,2014-10-25T00:21:59,S,EA,2,link_morto,manual
10025008,2014-10-19T23:13:26,S,ED,2,link_morto,manual
11757145,2014-10-21T08:35:34,S,ED,3,,manual
10701670,2014-10-20T17:18:58,S,ED,3,,manual
11898035,2014-10-22T22:35:47,S,NDA,3,,manual
11693789,2014-10-21T11:44:08,S,NDA,3,manchete,propagado
12511474,2014-10-23T19:02:35,S,EA,3,,propagado
12328732,2014-10-24T00:33:06,S,NDA,3,,manual
10635653,2014-10-20T20:29:12,S,NDA,3,manchete,propagado
14964914,2014-10-25T20:38:39,S,ED,2,,manual
14062963,2014-10-24T23:02:44,N,ED,2,,manual
11777087,2014-10-21T07:01:48,S,NDA,3,,manual
14327711,2014-10-24T22:16:47,S,EA,3,,manual
14727203,2014-10-24T09:34:16,S,EA,2,,manual
14034512,2014-10-24T23:08:33,S,ED,2,,manual
14832135,2014-10-24T01:19:21,S,EA,3,,propagado
11451840,2014-10-21T21:22:46,S,ED,3,,manual
12788407,2014-10-23T06:46:05,S,NDA,3,manchete,propagado
14412857,2014-10-24T20:28:44,S,NDA,3,,manual
12636618,2014-10-23T14:15:37,N,NDA,3,,manual
10199184,2014-10-19T21:46:27,N,NDA,3,,propagado
11585648,2014-10-21T16:14:17,S,NDA,3,,manual
12125976,2014-10-22T13:43:50,S,NDA,3,,manual
10029307,2014-10-19T23:12:13,S,EA,2,,propagado
15080031,2014-10-25T17:19:41,S,ED,2,,propagado
12602940,2014-10-23T15:40:54,N,ED,2,rt_ironico,propagado
12241209,2014-10-22T08:11:42,S,NDA,3,manchete,propagado
10553490,2014-10-20T23:09:51,S,EA,3,,manual
14870182,2014-10-25T23:05:19,?,NDA,3,,manual
14735886,2014-10-24T09:10:33,N,ED,2,,propagado
14345500,2014-10-24T22:10:44,S,EA,3,,manual
12318232,2014-10-24T00:55:37,S,EA,2,,manual
14446129,2014-10-24T19:21:47,S,NDA,3,link_morto,manual
10806337,2014-10-20T12:02:01,N,NDA,3,,manual
11362563,2014-10-22T00:32:25,S,ED,3,,manual
12587491,2014-10-23T16:23:24,S,EA,3,,propagado
12047402,2014-10-22T17:11:55,S,ED,2,,manual
10061609,2014-10-19T23:01:36,S,EA,2,,manual
10204279,2014-10-19T21:34:21,N,NDA,3,,propagado
12568963,2014-10-23T17:09:30,N,NDA,3,,propagado
12427768,2014-10-23T21:47:47,N,NDA,3,spam_tag,manual
11807465,2014-10-21T02:56:42,S,NDA,3,manchete,manual
14417175,2014-10-24T20:19:49,N,NDA,3,,manual
13983054,2014-10-24T23:17:10,S,ED,2,,manual
10609077,2014-10-20T21:16:53,S,EA,2,,manual
12402741,2014-10-23T22:28:37,S,NDA,2,,manual
12541045,2014-10-23T18:00:01,S,NDA,3,,manual
14359193,2014-10-24T21:53:58,S,NDA,3,,manual
15128046,2014-10-25T15:40:02,N,NDA,3,,manual
15040321,2014-10-25T18:38:52,S,NDA,3,,manual
15360246,2014-10-25T03:53:54,S,EA,2,,manual
12571612,2014-10-23T17:05:04,N,NDA,3,,propagado
11427846,2014-10-21T22:11:38,S,NDA,1,link_morto,manual
14928314,2014-10-25T21:30:10,N,NDA,3,,manual
13938198,2014-10-24T23:24:29,S,EA,2,,propagado
11600446,2014-10-21T15:35:10,S,NDA,3,manchete,propagado
15078799,2014-10-25T17:22:01,S,ED,3,,manual
10214120,2014-10-19T21:08:08,S,ED,2,,propagado
12500065,2014-10-23T19:28:22,S,NDA,3,manchete,propagado
12223514,2014-10-22T09:15:40,S,ED,2,manchete,manual
14928568,2014-10-25T21:29:50,N,NDA,3,,propagado
12730534,2014-10-23T10:23:17,S,ED,3,,manual
14103834,2014-10-24T22:56:20,S,NDA,2,manchete,manual
14909770,2014-10-25T22:00:04,S,ED,2,,propagado
10196067,2014-10-19T21:53:12,S,ED,2,,manual
10667756,2014-10-20T19:12:21,S,ED,3,,manual
10857169,2014-10-20T09:11:38,N,NDA,3,,manual
12643370,2014-10-23T13:58:54,S,EA,2,manchete,manual
12567753,2014-10-23T17:11:27,S,NDA,3,,manual
12480731,2014-10-23T20:11:11,S,NDA,3,,manual
12547651,2014-10-23T17:46:51,S,EA,3,,manual
10244730,2014-10-19T19:49:06,N,EA,2,,propagado
11888910,2014-10-22T22:53:41,N,NDA,3,,manual
13998669,2014-10-24T23:14:39,S,EA,2,,propagado
11387418,2014-10-21T23:35:37,S,EA,3,,manual
10782899,2014-10-20T13:08:52,S,EA,2,,manual
9937518,2014-10-19T23:42:03,S,ED,3,,manual
11595131,2014-10-21T15:49:30,S,NDA,3,manchete,propagado
15049598,2014-10-25T18:25:07,S,EA,2,manchete,propagado
14855898,2014-10-25T23:30:21,S,NDA,1,,manual
12594039,2014-10-23T16:05:18,S,EA,2,manchete,propagado
10573581,2014-10-20T22:28:58,S,NDA,3,manchete,manual
14921694,2014-10-25T21:40:41,N,NDA,3,,propagado
14547466,2014-10-24T15:41:52,S,NDA,3,manchete,manual
12093450,2014-10-22T15:10:42,S,NDA,3,manchete,propagado
15315941,2014-10-25T08:44:37,N,NDA,3,link_morto,manual
10068168,2014-10-19T22:59:27,S,EA,2,,manual
14993023,2014-10-25T19:55:12,S,NDA,3,,manual
12198188,2014-10-22T10:33:31,S,ED,3,,manual
11775775,2014-10-21T07:09:04,S,NDA,3,,propagado
14984499,2014-10-25T20:08:42,S,NDA,3,manchete,manual
13857124,2014-10-24T23:39:10,S,ED,2,,manual
14112488,2014-10-24T22:55:19,S,NDA,3,,manual
14622555,2014-10-24T13:21:35,S,NDA,3,,manual
14453741,2014-10-24T19:05:57,S,NDA,3,,manual
14930483,2014-10-25T21:26:58,S,NDA,3,,manual
12192408,2014-10-22T10:50:43,N,NDA,3,,manual
15022255,2014-10-25T19:06:18,S,ED,2,manchete,propagado
14868744,2014-10-25T23:07:42,S,EA,2,link_morto,manual
14732691,2014-10-24T09:19:21,S,ED,2,,manual
10077889,2014-10-19T22:56:28,S,NDA,2,link_morto,manual
11397375,2014-10-21T23:14:30,S,NDA,3,,manual
13877693,2014-10-24T23:34:52,N,NDA,3,manchete,manual
12516988,2014-10-23T18:50:32,S,NDA,3,link_morto,propagado
14050988,2014-10-24T23:05:09,S,EA,1,link_morto,manual
14548015,2014-10-24T15:40:37,S,NDA,3,manchete,propagado
12572049,2014-10-23T17:04:16,N,NDA,3,,propagado
14532874,2014-10-24T16:13:08,S,NDA,3,,manual
11750439,2014-10-21T09:01:33,S,NDA,3,,propagado
12419875,2014-10-23T22:01:33,S,NDA,3,,manual
13930470,2014-10-24T23:25:58,S,NDA,3,,manual
11710135,2014-10-21T11:05:52,S,NDA,3,manchete,propagado
12248774,2014-10-22T07:38:15,S,NDA,3,,manual
14534875,2014-10-24T16:08:47,S,EA,2,,manual
12604987,2014-10-23T15:35:27,N,NDA,3,,manual
14624447,2014-10-24T13:18:56,S,EA,3,,manual
10245598,2014-10-19T19:46:26,N,NDA,3,,propagado
10381352,2014-10-19T12:33:47,S,ED,2,rt_ironico,manual
12659055,2014-10-23T13:22:45,S,EA,3,,manual
14769461,2014-10-24T07:12:42,S,EA,3,,manual
14119042,2014-10-24T22:54:11,S,NDA,3,,manual
12580229,2014-10-23T16:43:05,S,NDA,3,,manual
15105435,2014-10-25T16:26:51,S,ED,2,manchete,propagado
15192294,2014-10-25T13:39:14,S,NDA,1,link_morto,manual
10466214,2014-10-19T04:53:43,S,EA,2,,manual
14720049,2014-10-24T09:51:59,S,ED,1,,manual
12543171,2014-10-23T17:55:26,S,NDA,2,,manual
12594269,2014-10-23T16:04:49,S,NDA,3,,manual
12443296,2014-10-23T21:17:35,S,NDA,3,,manual
10763001,2014-10-20T14:06:58,N,NDA,3,,manual
15144810,2014-10-25T15:06:47,S,NDA,3,,manual
10253617,2014-10-19T19:24:09,N,EA,2,,propagado
13791973,2014-10-25T00:04:05,S,NDA,3,,manual
14604259,2014-10-24T13:51:36,S,NDA,2,link_morto,propagado
12499636,2014-10-23T19:29:19,S,NDA,3,manchete,manual
10785313,2014-10-20T13:02:09,S,EA,2,,manual
12646562,2014-10-23T13:51:06,S,EA,3,,propagado
15410772,2014-10-25T01:15:22,S,NDA,1,idioma,manual
14473327,2014-10-24T18:24:24,S,EA,2,manchete,propagado
11772063,2014-10-21T07:29:13,S,NDA,3,manchete,propagado
10213480,2014-10-19T21:09:52,S,EA,3,,manual
14204585,2014-10-24T22:37:23,S,NDA,3,,manual
12748038,2014-10-23T09:31:51,S,NDA,3,,manual
12250018,2014-10-22T07:31:40,S,NDA,3,,manual
14695128,2014-10-24T10:50:22,S,EA,3,,propagado
14897468,2014-10-25T22:19:33,S,NDA,3,manchete,manual
11398413,2014-10-21T23:12:13,S,NDA,3,,manual
15167747,2014-10-25T14:25:19,S,EA,2,,propagado
12470793,2014-10-23T20:30:09,S,NDA,3,,propagado
10686258,2014-10-20T18:15:01,S,ED,2,,manual
12720487,2014-10-23T10:50:17,S,NDA,1,idioma,manual
12366493,2014-10-23T23:25:38,S,EA,2,manchete,propagado
14572345,2014-10-24T14:50:08,S,EA,2,link_morto,propagado
15090120,2014-10-25T16:59:46,S,NDA,3,,manual
12341490,2014-10-24T00:08:46,S,EA,3,,propagado
10809587,2014-10-20T11:52:14,S,NDA,3,,manual
15333196,2014-10-25T07:27:32,N,NDA,3,idioma,manual
14521995,2014-10-24T16:36:38,S,NDA,3,,propagado
12086587,2014-10-22T15:29:40,S,ED,2,,manual
12606019,2014-10-23T15:32:38,S,NDA,3,,propagado
13765321,2014-10-25T00:15:11,S,EA,2,,manual
12082815,2014-10-22T15:39:48,S,ED,3,,propagado
12256437,2014-10-22T06:57:01,S,NDA,3,manchete,propagado
13754375,2014-10-25T00:20:48,S,NDA,3,,manual
14596459,2014-10-24T14:05:27,S,NDA,3,,manual
14124247,2014-10-24T22:53:17,S,NDA,2,manchete,propagado
11826522,2014-10-21T01:29:04,S,NDA,3,,manual
12031698,2014-10-22T17:54:52,S,NDA,3,,manual
14999075,2014-10-25T19:46:00,S,NDA,3,manchete,manual
10238932,2014-10-19T20:04:27,S,NDA,1,idioma,manual
12390603,2014-10-23T22:47:15,S,NDA,2,,manual
14717996,2014-10-24T09:57:09,S,NDA,3,,manual
10833904,2014-10-20T10:35:31,S,NDA,2,,manual
15004594,2014-10-25T19:36:23,S,NDA,3,,manual
14008663,2014-10-24T23:13:00,S,NDA,3,,manual
14774993,2014-10-24T06:44:24,S,NDA,3,,manual
13777064,2014-10-25T00:09:52,S,EA,2,,propagado
10867337,2014-10-20T08:29:39,N,NDA,3,,manual
14696034,2014-10-24T10:48:16,S,EA,2,,manual
11571567,2014-10-21T16:51:00,N,NDA,3,,manual
14151231,2014-10-24T22:47:56,S,NDA,3,,manual
11398494,2014-10-21T23:12:02,N,NDA,3,,manual
14164931,2014-10-24T22:45:24,S,ED,2,,manual
12518965,2014-10-23T18:46:40,N,ED,2,manchete,manual
10720635,2014-10-20T16:19:54,N,NDA,3,,manual
15106682,2014-10-25T16:23:54,S,EA,3,,manual
13794903,2014-10-25T00:02:59,S,EA,2,,propagado
14568026,2014-10-24T14:59:03,S,NDA,3,,propagado
11717253,2014-10-21T10:47:57,S,NDA,3,manchete,propagado
14974200,2014-10-25T20:24:37,N,EA,2,,manual
14265774,2014-10-24T22:28:02,S,NDA,1,,manual
12232010,2014-10-22T08:47:17,S,NDA,3,manchete,propagado
12511819,2014-10-23T19:01:29,S,NDA,3,,propagado
10867178,2014-10-20T08:30:14,N,NDA,3,,propagado
10215694,2014-10-19T21:03:52,S,NDA,3,manchete,propagado
14512464,2014-10-24T16:57:43,S,EA,2,,manual
12053283,2014-10-22T16:55:56,S,NDA,3,manchete,propagado
15280362,2014-10-25T10:33:50,S,NDA,3,,manual
12559889,2014-10-23T17:24:33,S,ED,2,manchete,manual
11583050,2014-10-21T16:21:09,N,NDA,3,link_morto,manual
12342379,2014-10-24T00:07:03,S,ED,2,,manual
14334449,2014-10-24T22:15:11,S,EA,3,,manual
15071072,2014-10-25T17:37:58,S,NDA,3,,manual
10082593,2014-10-19T22:55:06,N,NDA,3,,manual
11497640,2014-10-21T19:54:39,S,NDA,3,,manual
10654189,2014-10-20T19:53:08,S,NDA,3,,manual
12209213,2014-10-22T10:01:12,S,NDA,3,,manual
14562369,2014-10-24T15:09:55,S,NDA,3,manchete,propagado
12478926,2014-10-23T20:14:50,S,NDA,3,,manual
14979082,2014-10-25T20:17:11,S,NDA,2,,manual
10530862,2014-10-20T23:57:06,S,NDA,3,,manual
14100097,2014-10-24T22:56:48,S,EA,2,,manual
14292739,2014-10-24T22:23:36,N,NDA,3,,manual
11808963,2014-10-21T02:48:27,S,EA,3,,manual
12456495,2014-10-23T20:53:18,S,NDA,3,,manual
10683161,2014-10-20T18:24:41,S,EA,2,,manual
11609036,2014-10-21T15:13:54,S,NDA,3,,manual
15267838,2014-10-25T11:02:58,N,NDA,3,,manual
14700805,2014-10-24T10:36:50,S,NDA,2,,manual
10946199,2014-10-20T01:06:01,S,NDA,1,,manual
11570299,2014-10-21T16:54:34,N,NDA,3,,manual
12156711,2014-10-22T12:25:52,S,EA,2,,manual
13756078,2014-10-25T00:19:53,S,EA,2,link_morto,propagado
10025928,2014-10-19T23:13:10,S,EA,2,,propagado
11444175,2014-10-21T21:38:16,S,EA,2,,manual
15120424,2014-10-25T15:55:35,S,ED,2,,manual
12632892,2014-10-23T14:25:04,S,EA,3,,propagado
10207688,2014-10-19T21:25:09,S,NDA,3,manchete,propagado
10211020,2014-10-19T21:16:43,S,NDA,3,manchete,propagado
10321346,2014-10-19T15:42:52,S,NDA,3,manchete,propagado
14467354,2014-10-24T18:37:17,N,NDA,3,,manual
12380234,2014-10-23T23:03:04,N,NDA,3,,manual
14700041,2014-10-24T10:38:36,S,NDA,3,,propagado
14974435,2014-10-25T20:24:16,N,NDA,3,,manual
14426197,2014-10-24T20:01:15,S,EA,2,spam_tag,manual
12225800,2014-10-22T09:07:52,N,NDA,3,idioma,manual
14430961,2014-10-24T19:51:34,S,NDA,2,,manual
12611824,2014-10-23T15:17:16,S,NDA,3,,manual
14747783,2014-10-24T08:34:33,N,NDA,3,,propagado
10626503,2014-10-20T20:44:37,N,NDA,3,,manual
14474087,2014-10-24T18:22:41,S,ED,2,,manual
12623263,2014-10-23T14:48:52,S,NDA,3,,manual
12592751,2014-10-23T16:08:48,S,EA,3,,propagado
14060585,2014-10-24T23:03:11,N,ED,2,,propagado
15249839,2014-10-25T11:41:37,S,ED,3,,manual
13780920,2014-10-25T00:08:18,S,NDA,2,,manual
10694897,2014-10-20T17:41:28,S,NDA,3,,manual
15139113,2014-10-25T15:18:15,S,NDA,3,,manual
12774410,2014-10-23T07:59:07,S,NDA,3,,manual
11518569,2014-10-21T19:05:59,N,ED,2,,manual
12447621,2014-10-23T21:09:16,S,NDA,3,,manual
15182954,2014-10-25T13:56:43,S,NDA,3,,manual
13890695,2014-10-24T23:32:24,S,EA,1,,manual
12225675,2014-10-22T09:08:19,S,NDA,3,,manual
11478346,2014-10-21T20:33:48,S,NDA,2,,manual
14488331,2014-10-24T17:51:23,S,ED,2,,manual
12472239,2014-10-23T20:27:28,S,NDA,3,,propagado
12334501,2014-10-24T00:22:02,S,NDA,3,,propagado
14058542,2014-10-24T23:03:36,S,NDA,3,idioma,manual
10280437,2014-10-19T17:58:57,N,EA,2,,manual
10006598,2014-10-19T23:18:55,S,NDA,3,,manual
12613545,2014-10-23T15:12:56,N,NDA,3,,manual
14055291,2014-10-24T23:04:18,S,NDA,3,,manual
12370029,2014-10-23T23:19:45,S,EA,1,link_morto,manual
10313370,2014-10-19T16:10:37,S,NDA,3,manchete,propagado
11392126,2014-10-21T23:25:58,S,NDA,3,,manual
14742661,2014-10-24T08:49:44,N,NDA,3,,propagado
15242666,2014-10-25T11:56:12,N,NDA,3,,manual
12041730,2014-10-22T17:28:10,S,NDA,3,manchete,propagado
10746174,2014-10-20T14:58:07,N,NDA,3,,manual
14974076,2014-10-25T20:24:47,S,NDA,3,,manual
12076894,2014-10-22T15:55:25,S,EA,2,,manual
14352265,2014-10-24T22:02:51,N,NDA,3,,manual
10545216,2014-10-20T23:27:09,N,NDA,3,manchete,manual
11989014,2014-10-22T19:31:07,S,NDA,2,,manual
12568619,2014-10-23T17:09:58,S,NDA,3,,manual
12690633,2014-10-23T12:08:03,S,NDA,3,,manual
11508558,2014-10-21T19:29:59,S,NDA,3,,manual
10643889,2014-10-20T20:14:45,S,NDA,3,manchete,propagado
14947611,2014-10-25T21:02:20,N,NDA,3,spam_tag,manual
11623149,2014-10-21T14:35:18,N,NDA,3,,manual
12769361,2014-10-23T08:18:59,S,NDA,3,,manual
14508584,2014-10-24T17:05:43,S,EA,2,,manual
11566901,2014-10-21T17:02:54,S,EA,3,,manual
14998880,2014-10-25T19:46:20,N,NDA,3,,propagado
10643013,2014-10-20T20:16:08,S,NDA,3,manchete,propagado
10664592,2014-10-20T19:21:40,S,NDA,3,,manual
15042079,2014-10-25T18:36:39,S,NDA,3,,manual
12147124,2014-10-22T12:50:37,S,ED,2,,manual
13888195,2014-10-24T23:32:52,S,EA,2,,propagado
10291253,2014-10-19T17:25:13,S,NDA,3,manchete,propagado
12444535,2014-10-23T21:15:09,S,NDA,3,link_morto,manual
9874617,2014-10-20T00:05:33,S,NDA,3,,manual
14499769,2014-10-24T17:25:04,S,ED,2,manchete,manual
10741955,2014-10-20T15:10:14,S,EA,2,link_morto,manual
12642288,2014-10-23T14:01:35,S,EA,2,manchete,propagado
12054764,2014-10-22T16:52:07,S,ED,2,,manual
12443086,2014-10-23T21:18:01,S,ED,2,link_morto,manual
14761857,2014-10-24T07:44:50,N,NDA,3,,manual
9846868,2014-10-20T00:28:42,S,NDA,3,,propagado
14102354,2014-10-24T22:56:31,S,EA,3,idioma,manual
10516598,2014-10-21T00:32:19,S,NDA,3,,manual
10857307,2014-10-20T09:11:04,N,EA,2,,manual
12344948,2014-10-24T00:02:19,S,NDA,3,,manual
14008599,2014-10-24T23:13:01,N,NDA,3,,manual
12618877,2014-10-23T15:00:04,N,NDA,3,idioma,manual
11513411,2014-10-21T19:18:52,N,NDA,3,,manual
10566752,2014-10-20T22:42:08,S,ED,2,,manual
14627788,2014-10-24T13:14:31,S,EA,2,,manual
12172116,2014-10-22T11:45:37,S,EA,3,,manual
11452131,2014-10-21T21:22:06,S,NDA,3,,manual
14899779,2014-10-25T22:15:50,S,EA,2,,propagado
12062006,2014-10-22T16:33:58,S,NDA,2,,manual
14725966,2014-10-24T09:37:21,S,EA,2,manchete,manual
11418035,2014-10-21T22:31:47,S,NDA,3,,manual
15028399,2014-10-25T18:56:04,S,NDA,3,,manual
12748914,2014-10-23T09:28:52,S,ED,2,manchete,manual
10251167,2014-10-19T19:31:16,N,NDA,3,,propagado
15393466,2014-10-25T01:46:45,S,EA,3,,propagado
12294587,2014-10-22T02:26:51,S,EA,2,,manual
12529578,2014-10-23T18:23:23,S,NDA,3,,propagado
12091227,2014-10-22T15:16:26,S,NDA,3,manchete,propagado
14572244,2014-10-24T14:50:21,S,NDA,3,,manual
15108005,2014-10-25T16:20:54,S,EA,3,link_morto,propagado
14546088,2014-10-24T15:45:05,S,NDA,3,manchete,manual
12392899,2014-10-23T22:43:35,S,ED,3,,manual
12223473,2014-10-22T09:15:50,S,EA,2,manchete,manual
12528199,2014-10-23T18:26:11,S,NDA,3,,propagado
10019150,2014-10-19T23:15:04,S,EA,2,,propagado
14564855,2014-10-24T15:05:02,S,NDA,3,manchete,manual
12430635,2014-10-23T21:42:52,S,NDA,3,manchete,manual
13871715,2014-10-24T23:36:01,S,NDA,1,idioma,manual
10799966,2014-10-20T12:20:42,S,ED,3,,manual
14757637,2014-10-24T08:00:43,S,NDA,3,,propagado
10806311,2014-10-20T12:02:06,S,NDA,3,manchete,manual
12533637,2014-10-23T18:15:21,S,NDA,3,manchete,propagado
15123103,2014-10-25T15:50:16,S,EA,3,link_morto,propagado
10363048,2014-10-19T13:25:10,S,EA,2,,manual
10815760,2014-10-20T11:34:19,S,NDA,2,link_morto,propagado
13802017,2014-10-24T23:59:20,S,EA,2,,propagado
12037511,2014-10-22T17:39:26,S,NDA,3,,propagado
15083601,2014-10-25T17:13:03,S,NDA,3,manchete,manual
15119497,2014-10-25T15:57:38,S,EA,3,link_morto,propagado
15198924,2014-10-25T13:25:37,S,EA,2,,manual
10512201,2014-10-21T00:44:16,S,EA,2,,manual
13726909,2014-10-25T00:43:43,S,NDA,3,manchete,manual
13721992,2014-10-25T00:48:26,S,NDA,3,manchete,manual
14264203,2014-10-24T22:28:15,S,ED,2,,manual
14928506,2014-10-25T21:29:55,S,EA,3,,propagado
15054413,2014-10-25T18:14:50,S,ED,2,manchete,propagado
12076176,2014-10-22T15:57:28,N,NDA,3,idioma,manual
15324244,2014-10-25T08:12:18,S,NDA,3,,manual
14974619,2014-10-25T20:23:58,S,EA,3,link_morto,propagado
12506177,2014-10-23T19:15:04,S,NDA,3,manchete,manual
15077707,2014-10-25T17:24:02,S,NDA,3,,manual
14836467,2014-10-24T01:07:12,S,EA,3,,propagado
10622930,2014-10-20T20:50:39,N,NDA,3,,propagado
14949464,2014-10-25T21:00:07,N,NDA,3,manchete,manual
12538506,2014-10-23T18:05:22,S,NDA,2,,propagado
13992395,2014-10-24T23:15:41,S,EA,2,,manual
9873968,2014-10-20T00:05:56,S,EA,2,,manual
11556297,2014-10-21T17:29:13,S,NDA,1,link_morto,propagado
11753986,2014-10-21T08:47:39,S,NDA,3,,propagado
15011492,2014-10-25T19:24:44,S,EA,2,,propagado
12648530,2014-10-23T13:46:16,S,EA,3,,propagado
15107454,2014-10-25T16:22:05,S,NDA,3,manchete,manual
12240290,2014-10-22T08:15:45,S,NDA,1,link_morto,manual
12809831,2014-10-23T03:55:05,S,EA,3,,manual
10267939,2014-10-19T18:39:12,S,NDA,2,,manual
10683655,2014-10-20T18:23:15,S,NDA,3,,manual
14846984,2014-10-25T23:46:29,S,NDA,3,,manual
10377339,2014-10-19T12:45:23,N,ED,3,,manual
15166030,2014-10-25T14:28:42,S,EA,2,,propagado
15037933,2014-10-25T18:41:57,S,ED,3,,manual
11546168,2014-10-21T17:55:44,S,NDA,1,,manual
12459339,2014-10-23T20:48:32,S,NDA,3,manchete,propagado
14096103,2014-10-24T22:57:19,S,NDA,3,,manual
11570193,2014-10-21T16:54:51,N,NDA,3,,propagado
12231622,2014-10-22T08:48:26,S,NDA,3,manchete,propagado
14424208,2014-10-24T20:05:16,S,NDA,3,,manual
14633592,2014-10-24T13:05:05,S,NDA,2,link_morto,propagado
12059557,2014-10-22T16:40:19,N,NDA,3,,manual
11914408,2014-10-22T22:04:05,S,NDA,2,,manual
14996326,2014-10-25T19:50:18,N,NDA,3,,manual
12198615,2014-10-22T10:32:17,S,NDA,3,,manual
10636924,2014-10-20T20:26:58,S,NDA,3,,manual
13878083,2014-10-24T23:34:47,S,NDA,2,,manual
14998643,2014-10-25T19:46:43,S,NDA,3,,propagado
12513177,2014-10-23T18:58:36,S,ED,2,manchete,manual
10364353,2014-10-19T13:21:34,S,ED,3,,manual
10759675,2014-10-20T14:16:49,S,NDA,3,,manual
11494428,2014-10-21T20:01:21,S,NDA,3,,propagado
12050396,2014-10-22T17:03:30,S,EA,2,manchete,manual
14401776,2014-10-24T20:47:15,S,NDA,3,,manual
13735516,2014-10-25T00:35:39,S,NDA,3,,manual
12660669,2014-10-23T13:19:05,S,NDA,2,,manual
12642512,2014-10-23T14:01:02,S,EA,3,,propagado
14545342,2014-10-24T15:46:43,S,ED,3,,manual
14422288,2014-10-24T20:09:18,S,NDA,3,,manual
12841541,2014-10-23T01:10:58,S,NDA,3,,manual
14429085,2014-10-24T19:55:27,S,EA,3,,propagado
10551765,2014-10-20T23:13:31,S,NDA,3,,manual
14154294,2014-10-24T22:47:19,S,NDA,3,,manual
14867020,2014-10-25T23:10:38,?,NDA,3,,propagado
14547418,2014-10-24T15:41:58,S,NDA,2,manchete,manual
15138904,2014-10-25T15:18:40,S,NDA,3,,manual
14558741,2014-10-24T15:18:11,S,EA,3,,propagado
13732383,2014-10-25T00:38:41,S,EA,2,,propagado
12534392,2014-10-23T18:13:48,S,NDA,3,manchete,propagado
10254141,2014-10-19T19:22:20,N,EA,2,,propagado
12453899,2014-10-23T20:58:01,S,EA,3,,propagado
11804097,2014-10-21T03:16:37,S,NDA,1,link_morto,manual
12559039,2014-10-23T17:26:17,N,NDA,3,,propagado
13790786,2014-10-25T00:04:30,S,EA,2,,propagado
15096447,2014-10-25T16:46:42,S,ED,2,manchete,propagado
10109883,2014-10-19T22:47:09,S,NDA,3,,manual
12601302,2014-10-23T15:45:23,S,EA,3,,propagado
14531893,2014-10-24T16:15:16,N,EA,2,manchete,propagado
12371201,2014-10-23T23:18:00,S,EA,2,,manual
10599807,2014-10-20T21:36:24,N,NDA,3,,propagado
12245779,2014-10-22T07:52:29,S,NDA,3,manchete,propagado
14518113,2014-10-24T16:45:08,N,EA,2,manchete,manual
12116226,2014-10-22T14:08:56,S,NDA,3,link_morto,manual
14168322,2014-10-24T22:44:38,S,NDA,3,,propagado
12625400,2014-10-23T14:43:35,S,EA,3,,propagado
10205219,2014-10-19T21:31:45,S,ED,2,,propagado
14147705,2014-10-24T22:48:40,S,NDA,3,,manual
12519558,2014-10-23T18:45:30,S,NDA,3,link_morto,propagado
14650210,2014-10-24T12:29:54,S,EA,2,,propagado
15010330,2014-10-25T19:26:43,N,NDA,3,,propagado
10262925,2014-10-19T18:54:22,S,NDA,3,manchete,propagado
14942578,2014-10-25T21:08:43,S,ED,3,,manual
14069442,2014-10-24T23:01:30,S,NDA,2,,manual
15043144,2014-10-25T18:35:22,N,NDA,3,,propagado
13851901,2014-10-24T23:40:11,S,ED,2,,manual
12752705,2014-10-23T09:16:58,S,NDA,3,,propagado
12567814,2014-10-23T17:11:20,S,NDA,3,,propagado
14994564,2014-10-25T19:52:50,S,NDA,3,manchete,propagado
14975804,2014-10-25T20:22:15,S,NDA,3,link_morto,manual
12403175,2014-10-23T22:27:57,S,EA,3,,propagado
14286377,2014-10-24T22:24:42,S,EA,3,,manual
15041238,2014-10-25T18:37:42,S,ED,2,manchete,propagado
13830865,2014-10-24T23:44:18,S,NDA,3,,manual
15265741,2014-10-25T11:07:41,S,NDA,2,,manual
10630823,2014-10-20T20:37:18,S,NDA,3,,propagado
13795393,2014-10-25T00:02:47,N,NDA,3,manchete,manual
12639458,2014-10-23T14:08:24,S,EA,3,,propagado
11764528,2014-10-21T08:03:43,N,NDA,3,manchete,manual
15036131,2014-10-25T18:44:30,N,NDA,3,,propagado
11716987,2014-10-21T10:48:42,S,NDA,3,,manual
13788691,2014-10-25T00:05:15,S,NDA,3,,manual
15092455,2014-10-25T16:54:43,S,EA,3,link_morto,propagado
15030114,2014-10-25T18:53:21,S,NDA,3,,manual
15011270,2014-10-25T19:25:08,S,ED,2,,propagado
12368244,2014-10-23T23:22:39,S,ED,2,,manual
14552943,2014-10-24T15:30:30,S,EA,2,,manual
15134494,2014-10-25T15:27:15,S,EA,2,,manual
11599690,2014-10-21T15:37:07,S,NDA,3,manchete,propagado
13773827,2014-10-25T00:11:14,S,NDA,3,,manual
10232774,2014-10-19T20:21:36,S,NDA,3,manchete,propagado
13875110,2014-10-24T23:35:22,S,NDA,2,link_morto,propagado
15042443,2014-10-25T18:36:11,S,NDA,2,idioma,manual
11567720,2014-10-21T17:00:51,N,NDA,3,,manual
10144640,2014-10-19T22:35:18,N,EA,2,,propagado
12408825,2014-10-23T22:20:08,N,NDA,3,,manual
12313316,2014-10-22T01:10:29,S,EA,1,idioma,manual
12743771,2014-10-23T09:45:13,S,EA,2,,manual
12707860,2014-10-23T11:24:09,S,EA,2,,manual
12499895,2014-10-23T19:28:45,S,EA,2,,manual
14127454,2014-10-24T22:52:38,S,NDA,3,,manual
14381025,2014-10-24T21:18:57,S,ED,3,manchete,propagado
15112044,2014-10-25T16:12:44,S,NDA,3,,manual
12045441,2014-10-22T17:17:35,S,NDA,3,manchete,propagado
10710208,2014-10-20T16:52:57,S,NDA,1,,propagado
14755992,2014-10-24T08:06:06,S,NDA,3,,propagado
12770092,2014-10-23T08:16:06,N,NDA,3,,manual
12330752,2014-10-24T00:29:12,S,ED,2,,manual
10396835,2014-10-19T11:45:33,N,EA,3,link_morto,propagado
12528868,2014-10-23T18:24:49,S,NDA,3,manchete,propagado
10749848,2014-10-20T14:47:10,S,NDA,3,,manual
10316506,2014-10-19T15:59:21,S,NDA,3,manchete,propagado
12554203,2014-10-23T17:34:51,S,NDA,3,link_morto,propagado
14476718,2014-10-24T18:16:56,S,NDA,3,manchete,manual
11463948,2014-10-21T20:57:54,S,NDA,3,manchete,propagado
15039085,2014-10-25T18:40:18,S,NDA,3,,manual
15017793,2014-10-25T19:13:57,S,EA,2,,propagado
15043833,2014-10-25T18:34:37,S,NDA,3,manchete,propagado
15062827,2014-10-25T17:56:19,S,EA,2,manchete,propagado
13967408,2014-10-24T23:19:37,S,ED,2,,manual
10004737,2014-10-19T23:19:29,S,EA,2,,manual
10684797,2014-10-20T18:19:37,S,NDA,3,manchete,propagado
13775640,2014-10-25T00:10:27,S,EA,2,,propagado
12230578,2014-10-22T08:51:55,S,NDA,2,link_morto,propagado
12186209,2014-10-22T11:08:34,S,NDA,1,,manual
10828361,2014-10-20T10:54:14,N,NDA,3,,manual
10155055,2014-10-19T22:31:19,S,NDA,3,,manual
12758599,2014-10-23T08:57:36,N,EA,2,manchete,propagado
14930630,2014-10-25T21:26:43,S,NDA,3,,manual
14203689,2014-10-24T22:37:31,S,NDA,3,idioma,manual
12517068,2014-10-23T18:50:23,S,NDA,3,,manual
9980778,2014-10-19T23:27:01,S,EA,2,,manual
10649271,2014-10-20T20:05:40,S,NDA,3,,manual
11507217,2014-10-21T19:33:00,N,NDA,3,manchete,manual
11897349,2014-10-22T22:37:01,S,ED,2,rt_ironico,manual
11942254,2014-10-22T21:03:48,S,ED,2,link_morto,manual
10499985,2014-10-19T01:24:24,S,EA,2,,propagado
11566962,2014-10-21T17:02:40,S,NDA,3,manchete,propagado
12570856,2014-10-23T17:06:21,S,NDA,3,,manual
15223899,2014-10-25T12:35:34,S,EA,2,,manual
12057512,2014-10-22T16:45:33,S,ED,3,,propagado
10001711,2014-10-19T23:20:27,N,NDA,3,manchete,manual
15048719,2014-10-25T18:26:50,S,NDA,3,manchete,propagado
11467246,2014-10-21T20:51:57,S,ED,3,,propagado
14481955,2014-10-24T18:05:28,S,EA,2,,manual
10773202,2014-10-20T13:35:13,S,EA,2,,manual
12522511,2014-10-23T18:39:01,S,NDA,3,manchete,propagado
11650770,2014-10-21T13:24:49,N,NDA,3,manchete,manual
12550812,2014-10-23T17:40:51,S,NDA,3,,propagado
12016468,2014-10-22T18:31:18,S,NDA,3,,propagado
14771155,2014-10-24T07:04:59,S,NDA,2,idioma,manual
12571560,2014-10-23T17:05:10,N,NDA,3,,propagado
12526963,2014-10-23T18:29:15,S,NDA,3,manchete,propagado
10392715,2014-10-19T11:58:54,S,EA,2,,manual
10852971,2014-10-20T09:27:00,S,ED,2,manchete,manual
14474058,2014-10-24T18:22:46,S,EA,2,,manual
10584516,2014-10-20T22:08:50,S,ED,1,idioma,manual
12045154,2014-10-22T17:18:25,S,NDA,1,,manual
14330791,2014-10-24T22:16:05,S,ED,2,,manual
15059415,2014-10-25T18:03:34,S,NDA,3,,manual
12566019,2014-10-23T17:14:15,S,ED,2,,manual
12532711,2014-10-23T18:17:13,S,EA,3,,manual
13790020,2014-10-25T00:04:47,S,NDA,3,,manual
12037959,2014-10-22T17:38:11,S,NDA,2,,manual
12211636,2014-10-22T09:53:45,S,EA,2,,manual
14069390,2014-10-24T23:01:31,N,NDA,3,,manual
12362077,2014-10-23T23:33:16,S,NDA,3,,propagado
10024835,2014-10-19T23:13:29,S,NDA,2,,manual
11548389,2014-10-21T17:49:21,S,NDA,1,link_morto,propagado
13888159,2014-10-24T23:32:52,S,ED,3,,manual
10229451,2014-10-19T20:31:26,N,NDA,3,,manual
11514507,2014-10-21T19:16:15,S,NDA,3,,propagado
15015090,2014-10-25T19:18:34,N,NDA,3,,propagado
14942501,2014-10-25T21:08:48,S,EA,2,,manual
15035533,2014-10-25T18:45:20,N,NDA,3,,propagado
14931303,2014-10-25T21:25:41,N,NDA,3,,manual
12103839,2014-10-22T14:43:39,S,EA,1,link_morto,manual
11760445,2014-10-21T08:21:35,S,NDA,3,manchete,propagado
10727763,2014-10-20T15:56:53,N,NDA,3,,manual
11578575,2014-10-21T16:32:45,S,NDA,3,,manual
10335435,2014-10-19T14:53:21,S,EA,2,,manual
15043246,2014-10-25T18:35:15,N,NDA,3,,propagado
14385442,2014-10-24T21:11:32,S,EA,2,,propagado
14106444,2014-10-24T22:55:59,S,ED,2,,manual
12087181,2014-10-22T15:27:57,S,NDA,3,manchete,propagado
11754064,2014-10-21T08:47:21,S,NDA,3,,manual
12460898,2014-10-23T20:46:03,S,EA,2,manchete,propagado
15227438,2014-10-25T12:28:55,S,NDA,3,,manual
10088937,2014-10-19T22:53:27,N,NDA,3,,propagado
14514485,2014-10-24T16:53:10,S,ED,2,manchete,propagado
14726693,2014-10-24T09:35:27,S,EA,3,,propagado
14646725,2014-10-24T12:37:07,S,ED,2,,manual
14599483,2014-10-24T14:00:01,N,ED,3,,manual
12330864,2014-10-24T00:29:00,S,EA,3,,propagado
11875230,2014-10-22T23:20:47,S,NDA,2,,propagado
10507574,2014-10-21T00:57:16,S,NDA,3,,propagado
14381742,2014-10-24T21:17:46,S,EA,2,,manual
12585843,2014-10-23T16:27:48,S,ED,2,,manual
11631879,2014-10-21T14:11:18,S,ED,3,,propagado
14906070,2014-10-25T22:05:39,S,ED,2,,manual
12641337,2014-10-23T14:04:01,S,EA,3,,propagado
13832234,2014-10-24T23:44:02,S,NDA,2,,propagado
14410908,2014-10-24T20:32:29,S,ED,2,,manual
14326189,2014-10-24T22:17:09,S,NDA,3,,manual
10795978,2014-10-20T12:32:31,S,NDA,3,,manual
15107523,2014-10-25T16:21:56,S,ED,2,manchete,propagado
14413487,2014-10-24T20:27:33,N,NDA,3,,propagado
10026243,2014-10-19T23:13:04,S,NDA,3,,manual
10622784,2014-10-20T20:50:54,N,NDA,3,,propagado
14758662,2014-10-24T07:57:04,S,NDA,3,,propagado
14858513,2014-10-25T23:25:35,S,EA,2,,manual
12558539,2014-10-23T17:27:10,S,EA,3,,propagado
10000404,2014-10-19T23:20:50,S,EA,2,manchete,manual
10780657,2014-10-20T13:14:48,S,NDA,3,,manual
10008128,2014-10-19T23:18:27,N,NDA,3,,propagado
14093663,2014-10-24T22:57:39,S,NDA,3,,manual
12551038,2014-10-23T17:40:29,S,EA,3,,propagado
10555532,2014-10-20T23:05:35,S,ED,3,,manual
15326798,2014-10-25T08:00:54,S,EA,3,,manual
14509418,2014-10-24T17:03:55,S,EA,2,,propagado
14967772,2014-10-25T20:34:22,S,ED,3,,manual
11439963,2014-10-21T21:46:25,S,NDA,3,,manual
11539469,2014-10-21T18:13:29,S,EA,3,,manual
14939806,2014-10-25T21:12:39,S,NDA,3,,manual
10889516,2014-10-20T06:26:09,S,NDA,1,,manual
14414157,2014-10-24T20:26:17,S,EA,2,manchete,manual
14424341,2014-10-24T20:04:56,S,NDA,3,,manual
10353590,2014-10-19T13:54:45,S,ED,1,link_morto,manual
12517733,2014-10-23T18:49:00,S,ED,2,manchete,manual
14199621,2014-10-24T22:38:10,S,NDA,3,,manual
10677775,2014-10-20T18:40:42,S,EA,2,,manual
10233231,2014-10-19T20:20:22,N,NDA,3,idioma,manual
15119569,2014-10-25T15:57:31,S,EA,3,link_morto,propagado
13734920,2014-10-25T00:36:11,S,NDA,3,,manual
10624679,2014-10-20T20:47:43,N,NDA,3,,propagado
11507520,2014-10-21T19:32:18,S,EA,3,,manual
13948916,2014-10-24T23:22:38,S,NDA,3,,manual
12265263,2014-10-22T05:56:10,S,NDA,3,manchete,propagado
12525009,2014-10-23T18:33:55,S,NDA,3,,propagado
14251305,2014-10-24T22:30:10,S,ED,2,,manual
10628636,2014-10-20T20:41:03,S,NDA,3,,manual
12416144,2014-10-23T22:07:52,S,NDA,3,,manual
14987142,2014-10-25T20:04:32,S,NDA,3,link_morto,manual
15262027,2014-10-25T11:15:43,S,NDA,3,,manual
14919875,2014-10-25T21:43:31,?,NDA,1,,manual
14731175,2014-10-24T09:23:51,S,ED,2,,propagado
10750111,2014-10-20T14:46:25,S,NDA,2,,propagado
12534063,2014-10-23T18:14:27,S,NDA,3,manchete,propagado
14518149,2014-10-24T16:45:03,N,ED,2,,manual
10343692,2014-10-19T14:25:28,S,EA,2,,manual
11758470,2014-10-21T08:30:20,S,NDA,3,,propagado
13962080,2014-10-24T23:20:27,N,NDA,3,,manual
14203371,2014-10-24T22:37:34,S,EA,3,,propagado
15030708,2014-10-25T18:52:27,S,NDA,3,manchete,propagado
10610285,2014-10-20T21:14:30,N,NDA,3,,propagado
14725714,2014-10-24T09:38:01,S,ED,2,,propagado
11940482,2014-10-22T21:07:42,S,NDA,3,,manual
11709661,2014-10-21T11:06:58,S,ED,3,,manual
9929157,2014-10-19T23:44:43,S,NDA,3,,manual
14060817,2014-10-24T23:03:09,N,NDA,3,,propagado
10198556,2014-10-19T21:47:57,S,NDA,3,,manual
11354724,2014-10-22T00:53:24,S,EA,2,,manual
10136010,2014-10-19T22:38:11,S,ED,3,,manual
10858968,2014-10-20T09:04:28,S,NDA,1,,manual
11453890,2014-10-21T21:18:15,S,ED,3,,propagado
12376758,2014-10-23T23:08:54,S,EA,2,manchete,propagado
14582913,2014-10-24T14:29:42,N,ED,3,,propagado
9903446,2014-10-19T23:53:57,S,EA,2,,manual
11772387,2014-10-21T07:27:36,S,NDA,3,,manual
13956373,2014-10-24T23:21:22,S,EA,3,,manual
14232455,2014-10-24T22:33:08,S,NDA,2,,manual
14664444,2014-10-24T11:59:06,S,EA,2,link_morto,manual
11578786,2014-10-21T16:32:16,S,NDA,2,,manual
14928173,2014-10-25T21:30:23,S,NDA,3,,propagado
10080178,2014-10-19T22:55:46,S,EA,3,,manual
14181642,2014-10-24T22:41:30,S,ED,3,,manual
15335091,2014-10-25T07:16:13,S,EA,1,link_morto,manual
14420868,2014-10-24T20:12:08,S,NDA,3,,manual
14883811,2014-10-25T22:42:29,N,NDA,3,,manual
11744859,2014-10-21T09:22:10,S,ED,2,,manual
12794352,2014-10-23T06:04:40,S,NDA,2,,manual
12217381,2014-10-22T09:35:16,S,NDA,1,,manual
14214130,2014-10-24T22:35:50,S,ED,3,,manual
14154116,2014-10-24T22:47:21,S,EA,3,,manual
12524233,2014-10-23T18:35:26,N,NDA,3,,manual
14734356,2014-10-24T09:14:54,N,NDA,3,,manual
12395698,2014-10-23T22:39:14,S,EA,1,link_morto,propagado
13863574,2014-10-24T23:37:50,S,EA,2,,manual
14461319,2014-10-24T18:50:26,S,ED,3,,manual
14249246,2014-10-24T22:30:29,S,ED,2,,manual
10261094,2014-10-19T18:59:59,N,NDA,3,,propagado
12736781,2014-10-23T10:05:36,S,NDA,3,manchete,propagado
12553755,2014-10-23T17:35:37,S,ED,2,,manual
11470483,2014-10-21T20:46:52,S,NDA,3,,manual
14531462,2014-10-24T16:16:15,S,NDA,3,,propagado
14412332,2014-10-24T20:29:47,S,EA,3,,propagado
14709401,2014-10-24T10:17:53,S,ED,2,,propagado
11542550,2014-10-21T18:05:46,S,NDA,1,link_morto,manual
11472162,2014-10-21T20:44:04,S,NDA,3,,manual
13797585,2014-10-25T00:01:52,S,EA,2,,propagado
14850667,2014-10-25T23:39:43,S,EA,2,link_morto,manual
12810110,2014-10-23T03:52:17,S,EA,3,,manual
15017265,2014-10-25T19:14:54,S,EA,2,,propagado
14163132,2014-10-24T22:45:45,S,NDA,3,idioma,propagado
10706848,2014-10-20T17:02:47,S,ED,3,,manual
12467856,2014-10-23T20:35:23,S,NDA,3,,manual
14389654,2014-10-24T21:05:01,S,NDA,3,idioma,manual
10782451,2014-10-20T13:10:04,N,NDA,3,,propagado
14243195,2014-10-24T22:31:27,N,NDA,3,manchete,manual
10461432,2014-10-19T05:45:44,S,EA,3,,manual
11715746,2014-10-21T10:52:00,N,NDA,3,,manual
14268768,2014-10-24T22:27:35,S,NDA,3,,manual
12330857,2014-10-24T00:29:01,S,EA,2,link_morto,manual
13973646,2014-10-24T23:18:41,S,EA,2,,manual
15021199,2014-10-25T19:08:03,S,NDA,3,manchete,propagado
14568844,2014-10-24T14:57:19,S,ED,2,manchete,propagado
14117769,2014-10-24T22:54:24,S,EA,3,,propagado
10183460,2014-10-19T22:15:10,N,NDA,3,,manual
10782357,2014-10-20T13:10:18,S,EA,3,,manual
15040275,2014-10-25T18:38:56,S,NDA,3,,propagado
15037769,2014-10-25T18:42:11,S,NDA,3,manchete,propagado
13745445,2014-10-25T00:26:55,S,EA,2,,propagado
12412056,2014-10-23T22:14:49,S,ED,2,link_morto,manual
12774009,2014-10-23T08:00:48,S,NDA,3,,propagado
14678662,2014-10-24T11:27:04,S,ED,3,,propagado
12142727,2014-10-22T13:02:07,N,NDA,3,,manual
11492202,2014-10-21T20:06:04,N,NDA,3,,propagado
10214110,2014-10-19T21:08:10,S,ED,2,link_morto,manual
9988546,2014-10-19T23:24:35,?,NDA,1,idioma,manual
12774045,2014-10-23T08:00:40,N,EA,2,manchete,propagado
10525990,2014-10-21T00:07:59,S,NDA,3,,manual
15125977,2014-10-25T15:44:31,S,NDA,3,,propagado
15051215,2014-10-25T18:21:57,N,NDA,3,,manual
14126295,2014-10-24T22:52:52,S,EA,2,,manual
15217485,2014-10-25T12:47:39,S,NDA,3,,manual
14958405,2014-10-25T20:47:59,S,EA,3,link_morto,propagado
12748962,2014-10-23T09:28:42,S,NDA,3,link_morto,manual
12781650,2014-10-23T07:25:05,N,EA,2,manchete,propagado
12558801,2014-10-23T17:26:43,S,NDA,3,,manual
11632412,2014-10-21T14:09:50,S,NDA,3,,propagado
10860229,2014-10-20T08:59:39,N,ED,2,,manual
15197534,2014-10-25T13:28:36,S,NDA,3,,propagado
10437844,2014-10-19T09:00:42,S,ED,2,,manual
12701874,2014-10-23T11:39:50,S,EA,2,,manual
11776006,2014-10-21T07:07:44,S,NDA,3,,propagado
15017830,2014-10-25T19:13:53,S,NDA,3,,manual
13793673,2014-10-25T00:03:27,S,EA,2,,manual
12800854,2014-10-23T05:12:23,S,EA,2,,manual
15100281,2014-10-25T16:38:29,S,EA,3,link_morto,propagado
12228958,2014-10-22T08:57:30,N,NDA,3,,manual
10041335,2014-10-19T23:08:31,N,ED,2,,manual
12231039,2014-10-22T08:50:29,S,NDA,3,manchete,propagado
12208825,2014-10-22T10:02:20,S,NDA,3,,propagado
14723295,2014-10-24T09:44:06,S,EA,2,,manual
15090107,2014-10-25T16:59:49,S,EA,3,link_morto,propagado
11430207,2014-10-21T22:06:52,S,EA,2,,manual
14965597,2014-10-25T20:37:37,S,EA,2,,manual
10485074,2014-10-19T02:33:28,S,EA,2,,propagado
9836184,2014-10-20T00:43:36,S,NDA,3,,propagado
12602262,2014-10-23T15:42:44,S,EA,3,,propagado
11972682,2014-10-22T20:06:11,S,NDA,1,link_morto,manual
10422384,2014-10-19T10:15:03,S,ED,2,,manual
11767779,2014-10-21T07:49:25,S,NDA,3,,propagado
14908757,2014-10-25T22:01:34,N,NDA,3,,manual
12755809,2014-10-23T09:07:15,S,NDA,2,terceiro,manual
13787957,2014-10-25T00:05:32,S,NDA,1,,manual
10652145,2014-10-20T19:59:23,N,NDA,3,,manual
13801185,2014-10-24T23:59:53,S,EA,2,,propagado
14991561,2014-10-25T19:57:34,N,NDA,3,manchete,propagado
11659924,2014-10-21T13:05:15,S,NDA,3,,manual
15198878,2014-10-25T13:25:43,N,NDA,3,,manual
14214128,2014-10-24T22:35:50,S,EA,2,,propagado
11734173,2014-10-21T09:57:40,S,NDA,3,,manual
10278137,2014-10-19T18:06:30,S,NDA,3,,manual
14972896,2014-10-25T20:26:30,S,NDA,3,,manual
14846000,2014-10-25T23:48:01,S,EA,3,link_morto,propagado
14097276,2014-10-24T22:57:10,S,NDA,3,,manual
15401573,2014-10-25T01:31:01,S,EA,2,,propagado
14996503,2014-10-25T19:50:04,N,NDA,3,,manual
14527840,2014-10-24T16:23:53,S,EA,2,,manual
15242922,2014-10-25T11:55:38,S,NDA,3,,manual
10603335,2014-10-20T21:29:08,N,NDA,3,,propagado
15339470,2014-10-25T06:45:54,S,EA,1,link_morto,manual
13778218,2014-10-25T00:09:25,S,EA,2,,propagado
14373747,2014-10-24T21:31:32,S,NDA,3,,manual
12485551,2014-10-23T20:00:21,?,EA,2,idioma,manual
11695812,2014-10-21T11:39:29,S,EA,2,link_morto,manual
15002857,2014-10-25T19:39:27,S,NDA,3,,manual
11943298,2014-10-22T21:01:28,N,NDA,3,,manual
14861884,2014-10-25T23:19:33,S,NDA,3,,manual
15027866,2014-10-25T18:56:57,S,NDA,1,link_morto,manual
10560926,2014-10-20T22:54:00,N,NDA,3,,propagado
14712719,2014-10-24T10:09:48,S,NDA,3,,propagado
11710922,2014-10-21T11:04:24,N,ED,2,,manual
10247235,2014-10-19T19:42:00,N,NDA,3,,propagado
11996665,2014-10-22T19:15:13,S,EA,2,,manual
14568086,2014-10-24T14:58:56,N,NDA,3,manchete,propagado
10801044,2014-10-20T12:17:38,S,ED,2,manchete,propagado
14768280,2014-10-24T07:17:58,S,EA,3,,propagado
10530051,2014-10-20T23:58:50,S,NDA,3,,manual
12489585,2014-10-23T19:51:34,S,NDA,3,manchete,propagado
12468894,2014-10-23T20:33:38,S,EA,3,,propagado
14940777,2014-10-25T21:11:13,S,NDA,3,,manual
12010170,2014-10-22T18:45:59,N,ED,2,,manual
10609545,2014-10-20T21:15:54,N,NDA,3,,propagado
14755898,2014-10-24T08:06:25,S,EA,3,,propagado
12554641,2014-10-23T17:34:05,S,ED,2,manchete,propagado
12683300,2014-10-23T12:25:40,S,NDA,3,,manual
14324550,2014-10-24T22:17:29,S,EA,2,,manual
11985631,2014-10-22T19:38:22,N,NDA,3,,manual
12499147,2014-10-23T19:30:15,S,NDA,3,,propagado
14658189,2014-10-24T12:13:08,S,EA,2,,propagado
9881942,2014-10-20T00:01:59,S,NDA,3,,manual
12479761,2014-10-23T20:13:13,S,NDA,3,,manual
10870402,2014-10-20T08:14:54,S,NDA,1,idioma,manual
12460843,2014-10-23T20:46:08,S,NDA,3,,propagado
14284197,2014-10-24T22:25:03,S,EA,2,,manual
11385483,2014-10-21T23:39:38,S,ED,2,,manual
12777871,2014-10-23T07:42:38,S,EA,1,idioma,manual
10753587,2014-10-20T14:35:50,N,NDA,3,,manual
12311365,2014-10-22T01:17:17,S,NDA,3,manchete,propagado
15190838,2014-10-25T13:41:59,S,EA,2,link_morto,manual
14883616,2014-10-25T22:42:48,S,NDA,3,,manual
13910306,2014-10-24T23:29:07,S,ED,2,,manual
10635082,2014-10-20T20:30:12,N,NDA,3,,manual
12354366,2014-10-23T23:46:05,S,NDA,3,,manual
11772032,2014-10-21T07:29:22,S,ED,3,,propagado
14520559,2014-10-24T16:40:02,N,NDA,3,,manual
14033880,2014-10-24T23:08:40,S,EA,2,,propagado
11378814,2014-10-21T23:54:14,S,EA,2,link_morto,manual
14974862,2014-10-25T20:23:38,S,NDA,3,,manual
15043382,2014-10-25T18:35:07,S,NDA,3,manchete,propagado
12128976,2014-10-22T13:36:08,S,NDA,2,idioma,manual
12254530,2014-10-22T07:07:17,S,NDA,3,manchete,propagado
12041926,2014-10-22T17:27:41,S,ED,2,,manual
13930350,2014-10-24T23:25:59,S,NDA,1,,manual
14737561,2014-10-24T09:05:27,N,NDA,3,,manual
11449307,2014-10-21T21:27:58,S,NDA,3,,propagado
10567627,2014-10-20T22:40:24,S,ED,2,,manual
14541832,2014-10-24T15:54:21,S,EA,2,,manual
12731740,2014-10-23T10:20:01,S,NDA,3,manchete,manual
14855951,2014-10-25T23:30:16,S,EA,2,link_morto,manual
14518841,2014-10-24T16:43:42,S,NDA,3,,manual
12189222,2014-10-22T11:00:02,N,ED,3,,manual
15030550,2014-10-25T18:52:42,S,NDA,3,,propagado
12633367,2014-10-23T14:24:00,S,EA,3,,propagado
14939547,2014-10-25T21:12:59,S,NDA,3,,propagado
12528080,2014-10-23T18:26:25,S,EA,3,,propagado
14030710,2014-10-24T23:09:17,S,NDA,3,,manual
12070506,2014-10-22T16:12:01,S,ED,3,,propagado
12555608,2014-10-23T17:32:19,S,ED,2,,propagado
14434361,2014-10-24T19:44:51,S,ED,3,,manual
14065066,2014-10-24T23:02:20,S,NDA,3,,manual
12572723,2014-10-23T17:03:04,N,NDA,3,,propagado
10694498,2014-10-20T17:42:50,S,NDA,3,manchete,manual
12597682,2014-10-23T15:55:40,S,NDA,3,,manual
12384434,2014-10-23T22:56:29,S,NDA,1,link_morto,manual
14583656,2014-10-24T14:28:17,S,ED,3,,manual
14487259,2014-10-24T17:53:47,S,NDA,3,manchete,manual
14482421,2014-10-24T18:04:26,N,NDA,3,,manual
12482230,2014-10-23T20:06:56,S,NDA,1,idioma,manual
14595775,2014-10-24T14:06:43,S,EA,3,,propagado
12090384,2014-10-22T15:18:55,S,NDA,3,manchete,propagado
12783493,2014-10-23T07:14:59,S,NDA,3,manchete,manual
12423651,2014-10-23T21:54:43,S,NDA,3,,propagado
14224494,2014-10-24T22:34:22,S,ED,3,,manual
15041644,2014-10-25T18:37:11,S,NDA,3,,manual
14965854,2014-10-25T20:37:12,S,NDA,2,manchete,manual
11708746,2014-10-21T11:09:17,S,ED,2,,manual
15071990,2014-10-25T17:35:43,S,NDA,3,,propagado
12544848,2014-10-23T17:52:05,S,ED,2,manchete,propagado
14612674,2014-10-24T13:37:19,?,NDA,1,spam_tag,manual
11725599,2014-10-21T10:24:52,S,NDA,3,,propagado
13714126,2014-10-25T00:57:08,S,EA,2,,manual
12615180,2014-10-23T15:09:04,S,EA,3,,propagado
14358509,2014-10-24T21:54:54,N,NDA,3,manchete,propagado
12519263,2014-10-23T18:46:05,N,NDA,3,,manual
12785504,2014-10-23T07:03:44,S,NDA,2,link_morto,propagado
9940283,2014-10-19T23:41:08,S,ED,2,,manual
12352418,2014-10-23T23:49:25,N,NDA,3,,manual
14864668,2014-10-25T23:14:42,S,ED,3,,manual
13948517,2014-10-24T23:22:44,S,ED,2,,propagado
14675777,2014-10-24T11:33:39,N,NDA,3,,manual
10317178,2014-10-19T15:57:04,S,NDA,3,manchete,propagado
12668034,2014-10-23T13:02:18,N,NDA,3,,manual
10091086,2014-10-19T22:52:54,S,ED,2,,manual
14032540,2014-10-24T23:08:56,S,EA,2,,propagado
10823354,2014-10-20T11:11:09,N,EA,2,manchete,manual
11898561,2014-10-22T22:34:50,S,NDA,3,,manual
11472003,2014-10-21T20:44:17,N,EA,3,,manual
15194215,2014-10-25T13:35:29,S,NDA,3,manchete,propagado
14797843,2014-10-24T04:02:17,S,EA,2,,manual
9912384,2014-10-19T23:50:36,S,EA,2,manchete,propagado
12531344,2014-10-23T18:19:51,S,NDA,3,,propagado
14431681,2014-10-24T19:50:07,S,EA,3,,manual
14165751,2014-10-24T22:45:13,S,ED,2,,manual
12567301,2014-10-23T17:12:11,S,NDA,3,,propagado
12337609,2014-10-24T00:16:19,S,EA,2,link_morto,manual
10240609,2014-10-19T20:00:20,N,ED,2,,manual
15320274,2014-10-25T08:28:40,S,NDA,3,,manual
14455146,2014-10-24T19:03:02,S,NDA,3,,manual
10877248,2014-10-20T07:41:59,S,NDA,3,,manual
12562293,2014-10-23T17:20:33,S,NDA,3,manchete,manual
14269662,2014-10-24T22:27:25,S,NDA,2,,manual
10142503,2014-10-19T22:36:02,S,ED,2,,propagado
12435132,2014-10-23T21:33:50,N,EA,2,link_morto,manual
10005460,2014-10-19T23:19:16,S,NDA,2,idioma,manual
11940619,2014-10-22T21:07:24,S,ED,2,,manual
11670246,2014-10-21T12:40:16,N,NDA,3,,manual
9883277,2014-10-20T00:01:25,S,NDA,3,,manual
14708995,2014-10-24T10:18:59,S,NDA,3,manchete,manual
14986305,2014-10-25T20:05:56,S,NDA,2,,manual
15031452,2014-10-25T18:51:15,S,NDA,3,manchete,propagado
12536508,2014-10-23T18:09:37,N,NDA,3,,manual
11711478,2014-10-21T11:03:03,S,NDA,3,,propagado
14521446,2014-10-24T16:37:56,N,NDA,3,idioma,manual
15028869,2014-10-25T18:55:15,S,NDA,3,manchete,propagado
15009692,2014-10-25T19:27:46,S,NDA,3,,propagado
12484649,2014-10-23T20:02:06,S,NDA,3,manchete,propagado
10882536,2014-10-20T07:12:25,S,NDA,3,,propagado
13827272,2014-10-24T23:44:55,S,NDA,3,,manual
11901692,2014-10-22T22:28:42,?,NDA,3,spam_tag,manual
12454670,2014-10-23T20:56:33,S,NDA,3,,manual
12214875,2014-10-22T09:43:24,S,NDA,3,manchete,propagado
10683335,2014-10-20T18:24:08,N,NDA,3,,manual
12577075,2014-10-23T16:51:41,S,NDA,2,,manual
14203670,2014-10-24T22:37:31,S,NDA,3,,manual
14552246,2014-10-24T15:31:53,N,NDA,3,link_morto,manual
10253483,2014-10-19T19:24:34,S,EA,2,,manual
13982730,2014-10-24T23:17:14,S,NDA,2,,manual
13746747,2014-10-25T00:25:53,S,EA,2,,propagado
12061255,2014-10-22T16:35:54,S,NDA,3,manchete,propagado
11469568,2014-10-21T20:48:19,S,EA,2,,manual
15240115,2014-10-25T12:01:44,S,NDA,3,idioma,manual
12139767,2014-10-22T13:09:21,S,ED,3,,propagado
12765273,2014-10-23T08:34:27,S,ED,2,,propagado
15025424,2014-10-25T19:01:08,S,NDA,3,,manual
14549900,2014-10-24T15:36:40,S,ED,2,,manual
14496032,2014-10-24T17:33:23,S,NDA,3,link_morto,manual
14626460,2014-10-24T13:16:18,S,ED,2,,manual
13792377,2014-10-25T00:03:56,S,EA,2,,propagado
14934590,2014-10-25T21:20:35,S,EA,3,,propagado
11908057,2014-10-22T22:15:53,S,EA,2,,manual
14580329,2014-10-24T14:34:27,S,NDA,3,,propagado
11674447,2014-10-21T12:30:16,N,NDA,3,,manual
11413405,2014-10-21T22:40:55,N,NDA,3,manchete,manual
12765190,2014-10-23T08:34:44,N,NDA,3,manchete,manual
12524767,2014-10-23T18:34:24,S,ED,2,,propagado
10276700,2014-10-19T18:11:26,N,NDA,3,,manual
14985676,2014-10-25T20:06:53,S,NDA,2,idioma,propagado
12576914,2014-10-23T16:52:12,S,EA,3,,propagado
12459888,2014-10-23T20:47:35,S,NDA,3,manchete,propagado
12237579,2014-10-22T08:27:54,S,EA,2,,manual
14360875,2014-10-24T21:51:30,S,NDA,3,,manual
14690190,2014-10-24T11:01:45,N,NDA,3,,manual
14228202,2014-10-24T22:33:54,N,ED,2,,manual
15200786,2014-10-25T13:21:45,S,NDA,3,,manual
14944831,2014-10-25T21:05:54,S,NDA,3,,propagado
14048023,2014-10-24T23:05:48,S,EA,3,,manual
15300040,2014-10-25T09:38:27,N,NDA,3,,manual
14542696,2014-10-24T15:52:41,N,NDA,3,manchete,manual
9863577,2014-10-20T00:12:47,S,NDA,3,,propagado
12502586,2014-10-23T19:22:51,S,NDA,3,manchete,propagado
15377347,2014-10-25T02:29:02,N,EA,2,link_morto,manual
14844018,2014-10-25T23:51:32,S,NDA,3,,manual
12602096,2014-10-23T15:43:11,S,EA,2,,manual
12593933,2014-10-23T16:05:34,S,EA,2,,manual
10189110,2014-10-19T22:06:19,S,NDA,3,,propagado
10354869,2014-10-19T13:50:26,N,NDA,3,link_morto,propagado
14222321,2014-10-24T22:34:39,S,NDA,3,,manual
14079862,2014-10-24T22:59:48,S,EA,2,manchete,manual
15080248,2014-10-25T17:19:23,S,EA,2,manchete,manual
11575789,2014-10-21T16:39:49,S,NDA,1,,manual
10882933,2014-10-20T07:09:48,S,NDA,3,manchete,manual
10064146,2014-10-19T23:00:43,S,EA,3,spam_tag,manual
12386954,2014-10-23T22:52:41,S,NDA,2,,manual
11565251,2014-10-21T17:06:55,S,NDA,3,manchete,manual
12759412,2014-10-23T08:54:41,S,ED,2,manchete,manual
14757864,2014-10-24T08:00:03,N,NDA,3,,manual
10217715,2014-10-19T20:58:37,S,NDA,1,,manual
10735998,2014-10-20T15:29:52,N,NDA,3,,propagado
15043749,2014-10-25T18:34:41,S,NDA,3,manchete,propagado
15277460,2014-10-25T10:40:55,S,NDA,3,,manual
11701545,2014-10-21T11:25:47,N,NDA,3,,manual
14121105,2014-10-24T22:53:49,S,EA,2,,propagado
14953506,2014-10-25T20:54:43,S,ED,2,,propagado
10592937,2014-10-20T21:51:27,N,NDA,3,,propagado
11482184,2014-10-21T20:26:35,S,EA,2,,propagado
15068913,2014-10-25T17:42:46,S,ED,2,manchete,propagado
15118283,2014-10-25T16:00:22,S,NDA,3,,manual
11924228,2014-10-22T21:43:31,S,NDA,3,,manual
10265847,2014-10-19T18:45:46,S,EA,3,,manual
12591387,2014-10-23T16:12:21,S,EA,3,,propagado
14923169,2014-10-25T21:38:20,S,EA,3,,propagado
10631045,2014-10-20T20:36:56,S,NDA,3,,manual
10756125,2014-10-20T14:27:49,S,NDA,2,,propagado
14967653,2014-10-25T20:34:34,N,NDA,3,manchete,propagado
10066399,2014-10-19T22:59:58,N,NDA,3,,propagado
12223378,2014-10-22T09:16:12,N,NDA,3,,propagado
14753941,2014-10-24T08:13:27,S,NDA,2,,manual
14457936,2014-10-24T18:57:25,S,EA,3,,manual
13847313,2014-10-24T23:41:02,S,EA,3,,manual
12819551,2014-10-23T02:48:05,S,NDA,2,,manual
10277304,2014-10-19T18:09:19,S,ED,3,,manual
11661170,2014-10-21T13:02:17,S,EA,3,,manual
14434319,2014-10-24T19:44:58,S,EA,2,,manual
12367785,2014-10-23T23:23:26,S,NDA,2,,manual
12641049,2014-10-23T14:04:44,S,EA,3,,propagado
11775662,2014-10-21T07:09:47,S,NDA,3,manchete,propagado
10669572,2014-10-20T19:06:44,N,EA,2,,propagado
12504311,2014-10-23T19:19:24,S,NDA,1,,manual
14999761,2014-10-25T19:44:53,S,NDA,3,link_morto,manual
14496363,2014-10-24T17:32:39,S,EA,2,,propagado
14660198,2014-10-24T12:08:32,N,NDA,3,manchete,manual
12062097,2014-10-22T16:33:45,S,ED,2,,manual
11816837,2014-10-21T02:07:47,S,ED,2,manchete,manual
14198491,2014-10-24T22:38:22,N,NDA,3,,manual
12047770,2014-10-22T17:10:56,S,ED,2,,propagado
10639022,2014-10-20T20:23:08,N,ED,3,,manual
10829125,2014-10-20T10:51:36,S,NDA,3,manchete,manual
14913687,2014-10-25T21:54:10,S,NDA,3,,propagado
14576546,2014-10-24T14:41:45,N,NDA,3,manchete,propagado
15160918,2014-10-25T14:37:37,S,EA,2,,manual
11789458,2014-10-21T05:24:58,S,NDA,3,,propagado
14518412,2014-10-24T16:44:31,S,NDA,3,,propagado
10671350,2014-10-20T19:00:53,S,NDA,2,,manual
11687288,2014-10-21T11:59:44,S,NDA,1,link_morto,manual
10658005,2014-10-20T19:42:00,S,ED,3,,manual
14577413,2014-10-24T14:40:08,S,NDA,3,,propagado
14325320,2014-10-24T22:17:19,S,ED,2,manchete,manual
12492091,2014-10-23T19:45:56,S,NDA,3,manchete,propagado
12497880,2014-10-23T19:33:07,S,EA,2,,manual
12599827,2014-10-23T15:49:38,S,EA,3,,propagado
10869591,2014-10-20T08:18:49,S,NDA,3,,propagado
15042701,2014-10-25T18:35:53,S,NDA,3,,propagado
10665042,2014-10-20T19:20:18,S,NDA,1,idioma,manual
11629363,2014-10-21T14:17:47,S,ED,2,,manual
14925102,2014-10-25T21:35:16,N,NDA,3,,manual
12530255,2014-10-23T18:22:02,S,EA,3,,propagado
12755986,2014-10-23T09:06:38,S,NDA,3,,manual
15347709,2014-10-25T05:36:53,S,NDA,2,,propagado
14935328,2014-10-25T21:19:32,S,NDA,3,,manual
11850799,2014-10-23T00:17:17,S,NDA,3,manchete,manual
12548049,2014-10-23T17:46:04,S,NDA,3,,propagado
12649538,2014-10-23T13:43:56,S,EA,3,,propagado
11746479,2014-10-21T09:16:42,S,NDA,3,manchete,manual
14526294,2014-10-24T16:27:16,N,NDA,3,,manual
11862675,2014-10-22T23:48:51,S,NDA,3,,manual
10622266,2014-10-20T20:51:50,N,NDA,3,,propagado
13938997,2014-10-24T23:24:21,S,EA,2,,propagado
15043673,2014-10-25T18:34:47,S,NDA,3,,propagado
10313788,2014-10-19T16:09:11,S,NDA,3,manchete,propagado
11645423,2014-10-21T13:37:25,S,NDA,3,manchete,manual
14462535,2014-10-24T18:48:00,S,EA,3,,manual
14920244,2014-10-25T21:43:01,S,ED,3,,propagado
15230751,2014-10-25T12:21:49,S,NDA,2,,manual
12184987,2014-10-22T11:11:54,S,NDA,3,,propagado
12720771,2014-10-23T10:49:35,S,NDA,2,,manual
14925133,2014-10-25T21:35:12,S,ED,3,,manual
15149152,2014-10-25T14:58:32,S,NDA,3,,manual
12277764,2014-10-22T04:14:32,S,NDA,3,manchete,manual
14956831,2014-10-25T20:50:07,N,NDA,3,,manual
14906278,2014-10-25T22:05:20,S,NDA,3,manchete,manual
10929318,2014-10-20T01:48:29,S,ED,3,,manual
12114774,2014-10-22T14:13:02,S,NDA,3,manchete,propagado
13965416,2014-10-24T23:19:56,S,EA,2,,manual
15039776,2014-10-25T18:39:31,S,NDA,3,manchete,propagado
12458732,2014-10-23T20:49:27,S,NDA,3,,propagado
9991637,2014-10-19T23:23:39,S,NDA,3,,manual
12223943,2014-10-22T09:14:08,S,NDA,3,,propagado
11502062,2014-10-21T19:45:03,?,NDA,3,,manual
12451679,2014-10-23T21:01:59,S,NDA,3,manchete,manual
12636673,2014-10-23T14:15:27,S,NDA,3,manchete,manual
12646922,2014-10-23T13:50:17,S,EA,3,,propagado
14867813,2014-10-25T23:09:16,S,NDA,3,manchete,manual
14933598,2014-10-25T21:22:06,S,NDA,3,,propagado
12737907,2014-10-23T10:02:30,S,NDA,3,manchete,propagado
10074547,2014-10-19T22:57:30,S,EA,3,,manual
12583611,2014-10-23T16:33:33,S,NDA,3,manchete,manual
10247352,2014-10-19T19:41:41,S,ED,2,,manual
11381321,2014-10-21T23:48:41,S,EA,2,,propagado
12178239,2014-10-22T11:29:55,?,NDA,3,manchete,manual
14338107,2014-10-24T22:14:08,S,EA,1,,manual
14192330,2014-10-24T22:39:26,S,EA,2,,manual
10613586,2014-10-20T21:07:56,N,NDA,3,,propagado
14462022,2014-10-24T18:49:02,S,NDA,3,,manual
15041209,2014-10-25T18:37:44,S,NDA,3,manchete,propagado
15123080,2014-10-25T15:50:18,S,EA,3,,manual
12769369,2014-10-23T08:18:55,N,EA,2,manchete,propagado
14105386,2014-10-24T22:56:07,S,NDA,3,,manual
14956230,2014-10-25T20:50:58,N,NDA,3,,manual
13861100,2014-10-24T23:38:20,S,EA,3,,propagado
15065408,2014-10-25T17:50:32,S,NDA,3,,propagado
12469974,2014-10-23T20:31:41,S,NDA,3,link_morto,propagado
14537003,2014-10-24T16:04:29,N,NDA,3,,manual
14976140,2014-10-25T20:21:44,S,NDA,3,manchete,propagado
15081486,2014-10-25T17:17:03,N,NDA,3,,manual
14549165,2014-10-24T15:38:10,S,NDA,3,,propagado
11539141,2014-10-21T18:14:22,S,NDA,3,manchete,propagado
10471916,2014-10-19T04:01:37,S,ED,2,,manual
10635544,2014-10-20T20:29:21,S,ED,2,rt_ironico,manual
12637699,2014-10-23T14:12:50,S,EA,3,,propagado
10212214,2014-10-19T21:13:22,S,ED,2,,propagado
10259217,2014-10-19T19:05:52,N,NDA,3,,propagado
10855293,2014-10-20T09:18:24,S,ED,2,,manual
14636833,2014-10-24T12:58:36,S,ED,2,,manual
15055723,2014-10-25T18:11:42,S,NDA,3,,propagado
12419003,2014-10-23T22:03:05,S,EA,3,,propagado
14043592,2014-10-24T23:06:43,S,EA,2,,propagado
11943194,2014-10-22T21:01:43,S,EA,3,,manual
12561619,2014-10-23T17:21:38,S,NDA,3,,propagado
14652542,2014-10-24T12:24:52,S,NDA,3,manchete,propagado
11387881,2014-10-21T23:34:38,S,NDA,1,link_morto,manual
15043314,2014-10-25T18:35:11,N,NDA,3,,propagado
11486273,2014-10-21T20:18:39,S,NDA,2,,propagado
14305606,2014-10-24T22:21:20,S,EA,3,,propagado
11908526,2014-10-22T22:15:02,S,NDA,3,,manual
10534455,2014-10-20T23:49:51,S,EA,3,,manual
14952850,2014-10-25T20:55:46,N,NDA,3,,propagado
14523959,2014-10-24T16:32:13,S,ED,2,,propagado
12175357,2014-10-22T11:37:16,S,ED,1,rt_ironico,manual
14942875,2014-10-25T21:08:19,N,NDA,3,,manual
10059933,2014-10-19T23:02:09,S,NDA,3,,manual
12624098,2014-10-23T14:46:45,S,EA,2,,manual
10508835,2014-10-21T00:53:38,S,NDA,3,manchete,manual
12223198,2014-10-22T09:16:47,S,NDA,3,manchete,propagado
12064597,2014-10-22T16:27:30,S,EA,2,,manual
14951157,2014-10-25T20:58:03,S,NDA,3,,propagado
14434005,2014-10-24T19:45:32,S,NDA,1,link_morto,manual
11727016,2014-10-21T10:20:04,S,NDA,3,manchete,manual
14562819,2014-10-24T15:09:04,N,ED,2,,manual
11456508,2014-10-21T21:12:25,S,ED,2,,propagado
14733932,2014-10-24T09:16:08,S,NDA,3,,manual
15033450,2014-10-25T18:48:11,S,NDA,3,manchete,propagado
14935108,2014-10-25T21:19:47,S,EA,3,,propagado
14101414,2014-10-24T22:56:37,S,NDA,2,,manual
14435862,2014-10-24T19:41:47,S,ED,2,manchete,manual
12650491,2014-10-23T13:42:05,S,EA,3,,propagado
15270291,2014-10-25T10:57:39,S,ED,3,idioma,manual
12547686,2014-10-23T17:46:47,N,NDA,3,,propagado
10604941,2014-10-20T21:25:33,S,NDA,3,manchete,propagado
14851999,2014-10-25T23:37:19,S,NDA,3,,manual
12637360,2014-10-23T14:13:44,S,EA,3,,propagado
12229373,2014-10-22T08:56:05,S,ED,2,manchete,propagado
12566559,2014-10-23T17:13:23,S,NDA,3,,manual
14514602,2014-10-24T16:52:55,S,NDA,3,,manual
14995694,2014-10-25T19:51:12,S,NDA,3,,manual
14482094,2014-10-24T18:05:07,S,NDA,3,,propagado
11815603,2014-10-21T02:13:41,S,NDA,3,link_morto,manual
14439798,2014-10-24T19:33:59,S,ED,2,,manual
12254132,2014-10-22T07:10:01,S,NDA,3,manchete,propagado
15314355,2014-10-25T08:49:54,N,EA,3,,manual
11535225,2014-10-21T18:24:30,N,NDA,3,,manual
12043059,2014-10-22T17:24:27,?,NDA,3,manchete,propagado
14558385,2014-10-24T15:18:58,S,NDA,2,,propagado
14701998,2014-10-24T10:34:02,S,NDA,3,,propagado
10599677,2014-10-20T21:36:40,S,NDA,2,link_morto,propagado
14038828,2014-10-24T23:07:41,N,EA,2,,manual
12597501,2014-10-23T15:56:10,N,NDA,3,,manual
12542629,2014-10-23T17:56:42,S,NDA,3,,propagado
9992834,2014-10-19T23:23:16,S,NDA,3,idioma,manual
14570026,2014-10-24T14:54:55,S,ED,3,,propagado
12457381,2014-10-23T20:51:41,S,EA,3,,manual
10628729,2014-10-20T20:40:54,S,NDA,3,,propagado
12153387,2014-10-22T12:34:17,S,EA,2,,manual
10692248,2014-10-20T17:52:41,N,NDA,3,,manual
15169633,2014-10-25T14:21:44,N,NDA,3,,manual
13848633,2014-10-24T23:40:46,S,NDA,2,,manual
14322828,2014-10-24T22:17:50,S,NDA,3,link_morto,manual
12604988,2014-10-23T15:35:26,S,EA,3,,propagado
11511922,2014-10-21T19:22:01,N,ED,2,,manual
10846802,2014-10-20T09:48:58,N,NDA,3,,manual
14390272,2014-10-24T21:04:07,S,ED,2,link_morto,manual
10027504,2014-10-19T23:12:43,S,NDA,3,,manual
14553580,2014-10-24T15:29:08,N,NDA,3,,manual
10598095,2014-10-20T21:39:59,N,NDA,3,,propagado
12080136,2014-10-22T15:47:07,S,NDA,3,manchete,propagado
15225317,2014-10-25T12:32:57,S,NDA,1,idioma,manual
13803619,2014-10-24T23:57:53,S,ED,3,,manual
12565398,2014-10-23T17:15:22,S,NDA,3,,propagado
10208359,2014-10-19T21:23:28,S,ED,2,,propagado
14998583,2014-10-25T19:46:48,S,EA,2,manchete,propagado
12338401,2014-10-24T00:14:59,S,NDA,3,,manual
12561352,2014-10-23T17:22:04,S,ED,3,,manual
10658633,2014-10-20T19:40:03,S,NDA,3,,manual
10691189,2014-10-20T17:57:30,N,NDA,3,,manual
14553416,2014-10-24T15:29:31,S,NDA,3,manchete,propagado
12239447,2014-10-22T08:19:39,S,NDA,3,manchete,propagado
12729038,2014-10-23T10:27:24,S,ED,2,,manual
12494644,2014-10-23T19:40:20,S,NDA,3,manchete,propagado
14113519,2014-10-24T22:55:11,S,NDA,3,link_morto,manual
15311898,2014-10-25T08:58:03,S,NDA,3,,manual
10840263,2014-10-20T10:12:19,S,NDA,3,,manual
12029945,2014-10-22T17:59:03,S,NDA,3,,manual
14025154,2014-10-24T23:10:16,S,NDA,2,,manual
13995799,2014-10-24T23:15:07,S,NDA,3,,manual
10341740,2014-10-19T14:31:59,S,EA,2,,manual
14019150,2014-10-24T23:11:17,N,NDA,3,manchete,manual
12572687,2014-10-23T17:03:08,N,NDA,3,,propagado
10142875,2014-10-19T22:35:54,N,ED,2,,manual
12567622,2014-10-23T17:11:41,S,NDA,3,,propagado
12077307,2014-10-22T15:54:13,N,NDA,2,manchete,manual
14673772,2014-10-24T11:38:06,S,NDA,3,,propagado
14247770,2014-10-24T22:30:42,S,ED,2,,manual
11447445,2014-10-21T21:31:54,S,NDA,3,manchete,manual
10675513,2014-10-20T18:47:35,N,NDA,3,manchete,manual
14497666,2014-10-24T17:29:50,S,NDA,3,manchete,propagado
10000709,2014-10-19T23:20:44,S,EA,2,,manual
10522470,2014-10-21T00:16:55,S,NDA,3,,manual
12498190,2014-10-23T19:32:25,S,NDA,3,manchete,propagado
12755371,2014-10-23T09:08:35,S,ED,2,,propagado
10093249,2014-10-19T22:52:25,N,NDA,3,manchete,manual
12590379,2014-10-23T16:15:19,S,EA,3,,propagado
12205274,2014-10-22T10:12:22,S,NDA,3,manchete,propagado
12599768,2014-10-23T15:49:49,N,EA,3,,manual
15235216,2014-10-25T12:11:55,S,EA,3,,manual
15420464,2014-10-25T01:02:09,S,NDA,1,link_morto,manual
10105173,2014-10-19T22:48:39,S,EA,2,,manual
12225053,2014-10-22T09:10:31,S,NDA,3,,propagado
14295882,2014-10-24T22:23:00,S,EA,2,,manual
12605099,2014-10-23T15:35:07,S,NDA,3,,manual
11504214,2014-10-21T19:40:18,S,NDA,3,,propagado
10632601,2014-10-20T20:34:21,S,NDA,3,,manual
15238590,2014-10-25T12:04:42,S,NDA,3,,manual
11506464,2014-10-21T19:34:48,S,NDA,1,idioma,manual
12500476,2014-10-23T19:27:30,S,NDA,3,,manual
12241930,2014-10-22T08:08:28,S,ED,2,,manual
11897857,2014-10-22T22:36:06,S,ED,2,,manual
10544912,2014-10-20T23:27:49,S,EA,2,,manual
10209744,2014-10-19T21:19:56,S,ED,2,,propagado
12561108,2014-10-23T17:22:27,S,NDA,3,manchete,propagado
10215530,2014-10-19T21:04:23,S,ED,2,,propagado
12471081,2014-10-23T20:29:36,S,NDA,3,,propagado
12017887,2014-10-22T18:28:17,S,NDA,3,,propagado
12534534,2014-10-23T18:13:29,S,NDA,3,,propagado
14222600,2014-10-24T22:34:37,S,EA,2,,manual
10229439,2014-10-19T20:31:27,S,NDA,2,,manual
11458156,2014-10-21T21:08:55,S,NDA,3,,manual
15153263,2014-10-25T14:51:14,S,EA,3,,manual
15185353,2014-10-25T13:52:04,S,EA,2,,manual
11894158,2014-10-22T22:43:10,S,NDA,3,,manual
15004133,2014-10-25T19:37:11,S,NDA,3,,manual
14342987,2014-10-24T22:12:30,S,NDA,3,,propagado
12583515,2014-10-23T16:33:51,N,ED,2,,manual
13865835,2014-10-24T23:37:21,S,NDA,3,,manual
14940338,2014-10-25T21:11:52,S,NDA,3,,propagado
10387930,2014-10-19T12:14:25,N,NDA,3,,manual
15251640,2014-10-25T11:38:01,N,NDA,3,link_morto,manual
12012856,2014-10-22T18:39:32,S,NDA,3,,propagado
12518709,2014-10-23T18:47:10,S,EA,3,,propagado
10918979,2014-10-20T02:31:22,S,ED,2,,propagado
12328719,2014-10-24T00:33:07,S,EA,3,,propagado
14723243,2014-10-24T09:44:14,S,EA,3,,manual
14316147,2014-10-24T22:19:17,S,ED,2,,manual
12095566,2014-10-22T15:05:03,S,NDA,3,,manual
10426313,2014-10-19T09:59:09,N,NDA,3,,manual
10803576,2014-10-20T12:10:10,N,NDA,3,link_morto,manual
14894039,2014-10-25T22:25:27,N,NDA,3,,manual
12840401,2014-10-23T01:14:52,S,NDA,3,,propagado
15088229,2014-10-25T17:03:41,S,ED,1,,manual
14991483,2014-10-25T19:57:40,N,NDA,3,,propagado
13915367,2014-10-24T23:28:19,S,NDA,3,,manual
13846981,2014-10-24T23:41:06,S,NDA,3,,manual
10425092,2014-10-19T10:04:01,S,EA,3,,manual
14721662,2014-10-24T09:48:04,S,EA,2,rt_ironico,manual
12343910,2014-10-24T00:04:11,N,NDA,3,manchete,manual
12500113,2014-10-23T19:28:16,S,NDA,3,,propagado
12469923,2014-10-23T20:31:48,S,NDA,3,,propagado
10246067,2014-10-19T19:45:17,N,NDA,3,,propagado
12522405,2014-10-23T18:39:14,S,NDA,3,manchete,propagado
14427233,2014-10-24T19:59:13,N,NDA,3,,propagado
12329779,2014-10-24T00:31:12,S,NDA,3,,propagado
10627756,2014-10-20T20:42:32,S,NDA,3,,manual
14264975,2014-10-24T22:28:09,S,ED,2,,manual
10646227,2014-10-20T20:10:38,S,NDA,3,,propagado
15158109,2014-10-25T14:42:47,S,NDA,1,idioma,manual
13772240,2014-10-25T00:11:57,S,NDA,3,,manual
12682228,2014-10-23T12:28:21,N,ED,2,manchete,manual
13793247,2014-10-25T00:03:37,S,EA,1,rt_ironico,manual
12673885,2014-10-23T12:47:54,?,EA,2,manchete,manual
14634356,2014-10-24T13:03:36,N,NDA,3,manchete,propagado
12202640,2014-10-22T10:19:57,S,EA,3,terceiro,manual
14600969,2014-10-24T13:57:19,S,EA,3,,manual
15107473,2014-10-25T16:22:02,S,ED,2,manchete,propagado
15165498,2014-10-25T14:29:34,S,EA,2,,propagado
10610821,2014-10-20T21:13:27,S,NDA,3,,manual
14820428,2014-10-24T01:56:13,S,NDA,1,link_morto,manual
12571478,2014-10-23T17:05:18,N,NDA,3,,propagado
14493339,2014-10-24T17:39:40,N,EA,3,,manual
10007650,2014-10-19T23:18:36,S,EA,1,rt_ironico,manual
12528382,2014-10-23T18:25:50,S,NDA,3,link_morto,propagado
10623852,2014-10-20T20:49:02,N,NDA,3,,propagado
14422297,2014-10-24T20:09:17,S,NDA,3,,propagado
12566650,2014-10-23T17:13:14,N,NDA,3,,manual
14232366,2014-10-24T22:33:09,N,NDA,3,,manual
13834770,2014-10-24T23:43:33,S,ED,2,,propagado
14471603,2014-10-24T18:28:14,S,EA,3,,manual
11490840,2014-10-21T20:09:06,S,ED,3,,manual
11513959,2014-10-21T19:17:37,S,NDA,3,,propagado
12610461,2014-10-23T15:20:44,S,EA,2,,manual
13938036,2014-10-24T23:24:30,S,EA,2,,manual
14569849,2014-10-24T14:55:13,S,ED,2,manchete,propagado
12558595,2014-10-23T17:27:04,S,NDA,3,,propagado
13960466,2014-10-24T23:20:42,S,NDA,2,,manual
14702394,2014-10-24T10:33:04,S,NDA,3,,propagado
14918109,2014-10-25T21:46:26,S,NDA,3,,propagado
12427557,2014-10-23T21:48:08,S,EA,2,,manual
15047979,2014-10-25T18:28:18,S,EA,2,,manual
12224534,2014-10-22T09:12:12,S,NDA,2,,manual
12682476,2014-10-23T12:27:46,S,EA,2,link_morto,manual
13881446,2014-10-24T23:34:08,S,EA,1,,propagado
15254969,2014-10-25T11:30:55,S,NDA,2,,manual
12465305,2014-10-23T20:39:30,N,NDA,3,,manual
11618489,2014-10-21T14:47:13,S,EA,2,idioma,manual
14684434,2014-10-24T11:14:21,S,NDA,1,,manual
15420527,2014-10-25T01:02:04,S,ED,3,,manual
12468053,2014-10-23T20:35:02,S,NDA,3,link_morto,propagado
11766626,2014-10-21T07:54:52,S,NDA,3,,propagado
14566389,2014-10-24T15:02:06,S,EA,3,,propagado
14739032,2014-10-24T09:01:13,S,NDA,3,,propagado
14921872,2014-10-25T21:40:23,S,NDA,3,,propagado
10642357,2014-10-20T20:17:19,S,NDA,3,manchete,propagado
14490175,2014-10-24T17:47:06,S,NDA,3,,propagado
14223119,2014-10-24T22:34:33,S,NDA,3,,manual
15038608,2014-10-25T18:40:59,S,NDA,3,,propagado
11389209,2014-10-21T23:31:47,S,NDA,1,link_morto,propagado
10808740,2014-10-20T11:54:55,S,NDA,3,,propagado
10805962,2014-10-20T12:03:03,S,NDA,3,terceiro,manual
13789400,2014-10-25T00:05:00,S,NDA,3,manchete,propagado
12648422,2014-10-23T13:46:31,S,NDA,2,,manual
14386117,2014-10-24T21:10:25,S,NDA,3,,manual
11562390,2014-10-21T17:13:52,S,NDA,3,manchete,propagado
15118944,2014-10-25T15:58:59,S,EA,3,link_morto,propagado
14723041,2014-10-24T09:44:43,S,EA,3,,manual
14562082,2014-10-24T15:11:23,N,NDA,3,manchete,propagado
15286279,2014-10-25T10:19:12,S,NDA,3,,manual
10825924,2014-10-20T11:02:32,S,NDA,3,manchete,manual
14898013,2014-10-25T22:18:41,S,NDA,3,,manual
12651768,2014-10-23T13:39:41,S,EA,3,,manual
15134200,2014-10-25T15:27:50,N,NDA,3,,manual
12775684,2014-10-23T07:53:18,N,EA,2,manchete,propagado
14586368,2014-10-24T14:23:16,S,ED,3,,manual
14952283,2014-10-25T20:56:34,S,ED,2,,propagado
14879624,2014-10-25T22:49:31,S,EA,2,link_morto,propagado
14716641,2014-10-24T10:00:18,S,NDA,1,,manual
10553394,2014-10-20T23:10:04,N,NDA,3,,manual
11691203,2014-10-21T11:50:09,S,NDA,3,,manual
12450745,2014-10-23T21:03:45,S,NDA,3,,propagado
12576028,2014-10-23T16:54:44,S,NDA,3,,propagado
14925602,2014-10-25T21:34:28,S,EA,2,,manual
14965118,2014-10-25T20:38:18,S,EA,3,link_morto,propagado
10622418,2014-10-20T20:51:33,N,NDA,3,,propagado
15270856,2014-10-25T10:56:25,N,ED,2,rt_ironico,manual
15049570,2014-10-25T18:25:10,S,ED,2,manchete,propagado
12352085,2014-10-23T23:49:59,S,NDA,3,terceiro,manual
14872838,2014-10-25T23:00:58,S,ED,2,,manual
12740087,2014-10-23T09:55:52,N,ED,2,manchete,propagado
12502783,2014-10-23T19:22:28,S,ED,2,,manual
14186153,2014-10-24T22:40:35,S,ED,2,,manual
15018109,2014-10-25T19:13:25,S,NDA,3,,propagado
10747900,2014-10-20T14:53:03,S,NDA,3,,manual
9908651,2014-10-19T23:51:59,S,EA,1,link_morto,manual
11597545,2014-10-21T15:42:56,S,NDA,3,manchete,propagado
10262138,2014-10-19T18:56:57,N,NDA,3,,propagado
14950733,2014-10-25T20:58:30,S,EA,2,idioma,manual
11492403,2014-10-21T20:05:35,S,NDA,3,manchete,manual
11684055,2014-10-21T12:07:28,S,NDA,3,manchete,manual
11998410,2014-10-22T19:11:19,N,ED,2,,propagado
14431748,2014-10-24T19:49:58,S,ED,2,,manual
10620521,2014-10-20T20:54:53,N,NDA,3,,propagado
11720837,2014-10-21T10:38:15,S,EA,3,,manual
12589831,2014-10-23T16:16:56,S,EA,3,,propagado
12424838,2014-10-23T21:52:43,N,NDA,3,manchete,manual
14519541,2014-10-24T16:42:12,S,ED,2,,propagado
15034590,2014-10-25T18:46:35,N,NDA,3,,manual
10215547,2014-10-19T21:04:20,S,NDA,3,manchete,propagado
11495946,2014-10-21T19:58:14,S,EA,2,,propagado
14548320,2014-10-24T15:39:59,S,NDA,3,manchete,propagado
15044102,2014-10-25T18:34:17,S,ED,2,,manual
14970196,2014-10-25T20:30:37,N,NDA,3,link_morto,manual
14038762,2014-10-24T23:07:42,N,NDA,3,link_morto,manual
11656164,2014-10-21T13:13:06,N,NDA,3,,manual
14906541,2014-10-25T22:04:53,S,NDA,1,link_morto,manual
10773211,2014-10-20T13:35:12,N,NDA,3,,manual
10032189,2014-10-19T23:11:23,S,ED,2,,manual
14234554,2014-10-24T22:32:48,S,NDA,3,,manual
10658960,2014-10-20T19:39:04,S,NDA,3,manchete,propagado
12457697,2014-10-23T20:51:08,N,NDA,3,,manual
14183673,2014-10-24T22:41:04,S,NDA,3,,manual
13884652,2014-10-24T23:33:29,S,EA,1,,propagado
14196007,2014-10-24T22:38:47,S,EA,2,,manual
12645585,2014-10-23T13:53:35,S,EA,3,,propagado
9918290,2014-10-19T23:48:30,N,NDA,3,,propagado
12640516,2014-10-23T14:06:00,S,EA,3,,propagado
15022257,2014-10-25T19:06:18,N,NDA,3,,manual
14113195,2014-10-24T22:55:14,S,EA,2,,manual
12463978,2014-10-23T20:41:28,N,NDA,3,manchete,propagado
14662066,2014-10-24T12:04:15,S,NDA,3,manchete,propagado
12454199,2014-10-23T20:57:27,S,EA,2,link_morto,manual
10360043,2014-10-19T13:34:13,N,NDA,3,,manual
11546889,2014-10-21T17:53:30,S,NDA,3,link_morto,propagado
11858299,2014-10-22T23:59:15,S,EA,2,,manual
12724999,2014-10-23T10:38:01,S,ED,3,,manual
14046646,2014-10-24T23:06:06,S,NDA,3,,manual
10214782,2014-10-19T21:06:22,S,NDA,3,manchete,propagado
14457351,2014-10-24T18:58:37,S,NDA,3,,manual
12598188,2014-10-23T15:54:16,N,NDA,3,,propagado
12088947,2014-10-22T15:23:05,S,NDA,3,manchete,propagado
15215882,2014-10-25T12:50:39,S,NDA,3,,manual
12246743,2014-10-22T07:48:10,S,NDA,3,manchete,propagado
10409941,2014-10-19T11:01:47,S,EA,3,,manual
14691171,2014-10-24T10:59:47,S,NDA,2,,manual
13745092,2014-10-25T00:27:12,S,EA,2,,propagado
10400268,2014-10-19T11:34:02,S,EA,2,,manual
13856375,2014-10-24T23:39:19,S,EA,1,,propagado
11771510,2014-10-21T07:31:26,S,ED,3,,propagado
11756539,2014-10-21T08:37:57,N,NDA,3,,manual
11514181,2014-10-21T19:17:02,N,NDA,3,,manual
12547119,2014-10-23T17:47:54,S,NDA,3,,propagado
14936215,2014-10-25T21:18:10,N,NDA,3,,manual
10352212,2014-10-19T13:59:12,S,EA,2,,manual
10657019,2014-10-20T19:45:04,S,NDA,3,,propagado
13878080,2014-10-24T23:34:47,S,EA,2,,manual
10669664,2014-10-20T19:06:28,S,NDA,3,,manual
12159587,2014-10-22T12:18:38,S,EA,2,link_morto,manual
14967194,2014-10-25T20:35:12,N,NDA,3,link_morto,manual
14905132,2014-10-25T22:07:05,N,NDA,3,,manual
12567871,2014-10-23T17:11:14,S,NDA,3,,propagado
15314870,2014-10-25T08:48:11,N,NDA,3,,manual
10028349,2014-10-19T23:12:29,S,EA,2,,manual
15045456,2014-10-25T18:32:31,S,NDA,3,,propagado
15061913,2014-10-25T17:58:12,S,EA,2,manchete,propagado
14919509,2014-10-25T21:44:07,S,EA,2,,manual
14978852,2014-10-25T20:17:34,N,EA,2,,propagado
14616183,2014-10-24T13:31:34,S,ED,2,,propagado
14905199,2014-10-25T22:06:59,S,ED,3,,propagado
10382581,2014-10-19T12:30:27,N,NDA,3,,manual
12494036,2014-10-23T19:41:39,S,NDA,2,,propagado
11763874,2014-10-21T08:06:17,S,ED,2,,manual
12473605,2014-10-23T20:24:51,S,ED,2,,manual
10523909,2014-10-21T00:13:13,S,NDA,3,,propagado
11597254,2014-10-21T15:43:42,N,NDA,3,,manual
14988602,2014-10-25T20:02:11,N,NDA,3,,manual
12459139,2014-10-23T20:48:50,S,NDA,3,manchete,propagado
14224530,2014-10-24T22:34:22,S,NDA,2,,manual
12636283,2014-10-23T14:16:30,S,EA,3,,propagado
11639625,2014-10-21T13:51:36,N,NDA,3,,manual
14131476,2014-10-24T22:51:44,S,NDA,3,,manual
14387816,2014-10-24T21:07:53,S,EA,2,,propagado
14910677,2014-10-25T21:58:39,S,NDA,3,,manual
10715068,2014-10-20T16:37:10,S,NDA,3,,manual
13895058,2014-10-24T23:31:36,S,EA,2,,propagado
14275027,2014-10-24T22:26:32,S,ED,2,,manual
14052756,2014-10-24T23:04:49,N,ED,2,,propagado
12571022,2014-10-23T17:06:05,N,NDA,3,,propagado
14737657,2014-10-24T09:05:12,N,ED,2,,propagado
15040633,2014-10-25T18:38:28,N,NDA,3,,propagado
15080053,2014-10-25T17:19:39,S,EA,2,manchete,propagado
10762708,2014-10-20T14:07:51,S,ED,3,,manual
14589647,2014-10-24T14:17:39,S,NDA,3,,manual
10916275,2014-10-20T02:45:31,S,ED,2,,manual
10908835,2014-10-20T03:35:12,S,ED,2,,manual
14858768,2014-10-25T23:25:08,S,EA,2,link_morto,propagado
12444728,2014-10-23T21:14:47,S,NDA,3,,manual
12760656,2014-10-23T08:50:14,S,NDA,3,,propagado
11426552,2014-10-21T22:14:25,S,NDA,3,,manual
12160626,2014-10-22T12:15:55,S,NDA,3,manchete,propagado
10666540,2014-10-20T19:15:58,S,NDA,3,manchete,propagado
14917519,2014-10-25T21:47:29,S,NDA,3,idioma,manual
15068917,2014-10-25T17:42:45,S,EA,2,manchete,propagado
11513630,2014-10-21T19:18:22,S,NDA,3,,manual
12250523,2014-10-22T07:28:56,S,NDA,2,,manual
14506479,2014-10-24T17:10:07,N,NDA,3,,manual
10650579,2014-10-20T20:03:11,S,NDA,3,manchete,propagado
10649928,2014-10-20T20:04:33,S,NDA,3,manchete,propagado
10253666,2014-10-19T19:24:00,N,EA,2,,propagado
14935724,2014-10-25T21:18:55,S,NDA,3,,manual
14577992,2014-10-24T14:39:04,S,NDA,3,,manual
12502147,2014-10-23T19:23:52,S,NDA,3,,propagado
14941861,2014-10-25T21:09:41,S,NDA,3,,propagado
10064378,2014-10-19T23:00:38,S,ED,2,,manual
11750605,2014-10-21T09:00:59,S,EA,2,,manual
11614894,2014-10-21T14:57:51,S,EA,2,,manual
13795374,2014-10-25T00:02:48,S,NDA,3,manchete,propagado
10615537,2014-10-20T21:04:06,N,NDA,3,,propagado
10005451,2014-10-19T23:19:16,S,NDA,3,,manual
10656390,2014-10-20T19:46:46,S,NDA,3,,propagado
11473671,2014-10-21T20:41:39,S,NDA,3,manchete,manual
12244100,2014-10-22T07:59:46,S,NDA,3,manchete,propagado
15158017,2014-10-25T14:42:55,S,EA,1,,manual
10198390,2014-10-19T21:48:17,S,ED,2,,propagado
12749450,2014-10-23T09:27:15,S,ED,2,,propagado
14555590,2014-10-24T15:24:48,S,NDA,3,manchete,manual
14166789,2014-10-24T22:44:59,S,NDA,3,,manual
14060068,2014-10-24T23:03:18,S,NDA,3,,manual
12498399,2014-10-23T19:31:56,S,NDA,3,,propagado
12507166,2014-10-23T19:12:56,S,ED,2,,propagado
14044036,2014-10-24T23:06:37,S,NDA,2,,manual
15103146,2014-10-25T16:32:02,S,EA,3,link_morto,propagado
10034121,2014-10-19T23:10:47,N,NDA,3,,propagado
14425135,2014-10-24T20:03:16,S,NDA,3,manchete,manual
12157788,2014-10-22T12:23:09,S,NDA,3,manchete,propagado
15218315,2014-10-25T12:46:09,N,NDA,3,,propagado
15043387,2014-10-25T18:35:06,S,NDA,3,,propagado
14941661,2014-10-25T21:09:59,N,NDA,3,,propagado
12230543,2014-10-22T08:52:01,?,EA,2,,manual
12649025,2014-10-23T13:45:03,S,EA,3,,propagado
14851243,2014-10-25T23:38:46,S,NDA,3,,manual
14452737,2014-10-24T19:07:47,S,EA,3,,manual
13774693,2014-10-25T00:10:52,S,EA,2,,propagado
14919968,2014-10-25T21:43:22,S,NDA,3,manchete,manual
13801204,2014-10-24T23:59:52,S,EA,3,,manual
10021184,2014-10-19T23:14:31,S,EA,2,,manual
15411715,2014-10-25T01:13:56,S,EA,2,rt_ironico,manual
12035375,2014-10-22T17:45:24,N,ED,2,manchete,manual
12530270,2014-10-23T18:22:00,S,EA,2,manchete,manual
10654821,2014-10-20T19:51:23,N,ED,2,manchete,manual
15120681,2014-10-25T15:55:01,N,NDA,3,,manual
15060217,2014-10-25T18:01:45,S,EA,1,,manual
12647469,2014-10-23T13:48:52,S,EA,2,,manual
10637836,2014-10-20T20:25:25,S,NDA,3,,manual
12651739,2014-10-23T13:39:44,S,NDA,1,manchete,manual
12601815,2014-10-23T15:43:58,N,NDA,3,,manual
12604176,2014-10-23T15:37:43,S,EA,2,manchete,manual
12504843,2014-10-23T19:18:09,S,NDA,3,,manual
10657244,2014-10-20T19:44:23,S,EA,2,,manual
10607177,2014-10-20T21:20:41,N,NDA,3,,propagado
12493436,2014-10-23T19:42:54,S,NDA,3,manchete,propagado
11767381,2014-10-21T07:51:09,S,NDA,3,,propagado
10668678,2014-10-20T19:09:29,N,NDA,3,,manual
12677633,2014-10-23T12:38:54,S,NDA,3,,propagado
14607926,2014-10-24T13:45:22,S,EA,3,,propagado
10065420,2014-10-19T23:00:17,S,EA,2,manchete,manual
14656306,2014-10-24T12:16:56,S,NDA,3,,manual
15071169,2014-10-25T17:37:43,S,ED,2,,manual
11438281,2014-10-21T21:49:26,S,NDA,3,,propagado
10490161,2014-10-19T02:07:15,S,NDA,3,,manual
15260541,2014-10-25T11:18:54,N,NDA,3,,manual
10179724,2014-10-19T22:18:42,S,NDA,3,manchete,propagado
12542580,2014-10-23T17:56:48,S,NDA,3,,propagado
14562094,2014-10-24T15:11:21,S,ED,2,manchete,propagado
10009565,2014-10-19T23:18:01,S,ED,2,,manual
15012943,2014-10-25T19:22:13,S,NDA,3,,manual
12340845,2014-10-24T00:09:57,S,EA,2,manchete,propagado
13897142,2014-10-24T23:31:15,S,NDA,3,,manual
11774907,2014-10-21T07:13:55,S,NDA,3,,propagado
10774910,2014-10-20T13:30:14,S,NDA,3,,propagado
10715992,2014-10-20T16:34:07,S,ED,2,link_morto,manual
15075026,2014-10-25T17:29:33,S,EA,2,manchete,propagado
11720712,2014-10-21T10:38:34,S,NDA,3,,propagado
10506414,2014-10-19T01:00:21,S,NDA,3,,manual
14552691,2014-10-24T15:31:00,S,NDA,3,manchete,propagado
10318522,2014-10-19T15:52:24,S,EA,2,,manual
12423458,2014-10-23T21:55:03,N,NDA,3,,propagado
15316325,2014-10-25T08:43:21,N,NDA,3,,manual
14479774,2014-10-24T18:10:12,N,NDA,3,,manual
12049148,2014-10-22T17:07:08,S,EA,2,,manual
12739308,2014-10-23T09:58:27,S,EA,3,,manual
14569339,2014-10-24T14:56:20,S,NDA,3,,manual
14151542,2014-10-24T22:47:52,S,EA,2,,manual
11816884,2014-10-21T02:07:29,S,NDA,3,,propagado
14590353,2014-10-24T14:16:20,S,EA,3,,manual
10012706,2014-10-19T23:17:01,S,NDA,3,idioma,manual
14915623,2014-10-25T21:50:46,S,NDA,3,,manual
12747964,2014-10-23T09:32:03,S,ED,3,,manual
11758653,2014-10-21T08:29:42,S,NDA,3,,manual
12254379,2014-10-22T07:08:15,S,NDA,3,manchete,propagado
15106392,2014-10-25T16:24:36,S,EA,3,link_morto,propagado
14048015,2014-10-24T23:05:48,S,EA,2,rt_ironico,manual
12476972,2014-10-23T20:18:31,S,NDA,3,,propagado
10270309,2014-10-19T18:31:50,S,NDA,3,manchete,manual
11480892,2014-10-21T20:29:13,S,NDA,3,,propagado
12618279,2014-10-23T15:01:24,S,NDA,2,,manual
12473282,2014-10-23T20:25:29,S,EA,2,,manual
15166485,2014-10-25T14:27:52,S,NDA,1,,manual
15099305,2014-10-25T16:40:45,S,EA,3,link_morto,propagado
14487903,2014-10-24T17:52:23,S,EA,2,,manual
12244600,2014-10-22T07:57:49,S,NDA,3,,manual
11782764,2014-10-21T06:24:12,N,NDA,3,,manual
10615587,2014-10-20T21:04:01,S,NDA,3,,manual
11419117,2014-10-21T22:29:37,S,NDA,3,,manual
10894614,2014-10-20T05:41:10,S,NDA,3,,propagado
11821373,2014-10-21T01:49:12,S,EA,2,rt_ironico,manual
11693474,2014-10-21T11:44:42,S,ED,3,,manual
10261464,2014-10-19T18:58:55,N,NDA,3,,propagado
11476568,2014-10-21T20:36:42,S,NDA,3,,manual
15010949,2014-10-25T19:25:38,S,NDA,3,manchete,manual
12650561,2014-10-23T13:41:57,S,EA,3,,propagado
14650632,2014-10-24T12:29:03,S,NDA,2,manchete,manual
12245678,2014-10-22T07:52:58,S,NDA,3,manchete,propagado
12549307,2014-10-23T17:43:41,S,NDA,3,manchete,manual
12623814,2014-10-23T14:47:29,S,NDA,3,,manual
14720220,2014-10-24T09:51:30,S,EA,2,manchete,propagado
10213783,2014-10-19T21:09:05,S,ED,2,,propagado
14966514,2014-10-25T20:36:13,S,NDA,3,manchete,manual
9853148,2014-10-20T00:22:00,S,NDA,3,,propagado
14030698,2014-10-24T23:09:17,S,EA,2,,propagado
11627894,2014-10-21T14:21:55,S,NDA,3,manchete,manual
10593708,2014-10-20T21:49:45,N,NDA,3,,propagado
10299240,2014-10-19T16:58:30,S,NDA,3,manchete,manual
11736315,2014-10-21T09:50:38,S,NDA,2,manchete,manual
10504990,2014-10-19T01:05:06,S,NDA,3,manchete,manual
10823639,2014-10-20T11:10:15,N,NDA,3,,propagado
15039028,2014-10-25T18:40:24,S,NDA,2,idioma,propagado
14883964,2014-10-25T22:42:12,S,NDA,3,manchete,manual
14904515,2014-10-25T22:08:08,S,NDA,3,manchete,manual
14946034,2014-10-25T21:04:20,N,NDA,3,spam_tag,manual
10192818,2014-10-19T21:59:55,S,ED,2,manchete,manual
10020135,2014-10-19T23:14:47,N,EA,2,,manual
10714302,2014-10-20T16:39:53,S,NDA,3,,manual
14002455,2014-10-24T23:13:59,S,NDA,1,link_morto,manual
12354809,2014-10-23T23:45:20,S,NDA,1,idioma,manual
14117275,2014-10-24T22:54:29,S,NDA,3,,manual
14889724,2014-10-25T22:32:49,S,EA,3,,manual
14128578,2014-10-24T22:52:24,S,NDA,3,,manual
14359704,2014-10-24T21:53:10,S,NDA,3,,manual
11997660,2014-10-22T19:13:06,S,ED,2,,manual
15326641,2014-10-25T08:01:32,N,NDA,3,,manual
12583672,2014-10-23T16:33:24,S,NDA,2,manchete,manual
15317537,2014-10-25T08:39:01,S,NDA,1,link_morto,manual
12329329,2014-10-24T00:32:03,S,EA,3,,propagado
15114591,2014-10-25T16:07:27,S,EA,3,link_morto,propagado
15223651,2014-10-25T12:36:04,N,NDA,3,,propagado
12651262,2014-10-23T13:40:34,S,NDA,3,terceiro,manual
14733854,2014-10-24T09:16:22,S,NDA,3,manchete,manual
13958798,2014-10-24T23:20:58,S,NDA,3,,manual
14761905,2014-10-24T07:44:40,S,NDA,3,,propagado
10569225,2014-10-20T22:37:11,S,NDA,3,manchete,propagado
10663225,2014-10-20T19:25:54,S,ED,3,link_morto,manual
15405545,2014-10-25T01:24:04,S,NDA,3,,manual
12107134,2014-10-22T14:34:32,S,ED,2,manchete,manual
12611288,2014-10-23T15:18:36,S,EA,3,,propagado
14318383,2014-10-24T22:18:50,S,NDA,3,,manual
11506343,2014-10-21T19:35:07,S,NDA,3,,propagado
13932200,2014-10-24T23:25:42,S,NDA,3,,manual
14306658,2014-10-24T22:21:09,S,NDA,3,,manual
10271005,2014-10-19T18:29:41,N,NDA,3,idioma,manual
10612890,2014-10-20T21:09:18,S,NDA,3,manchete,propagado
12524461,2014-10-23T18:34:59,S,NDA,3,,manual
9907094,2014-10-19T23:52:34,S,NDA,3,,manual
15207371,2014-10-25T13:07:30,S,NDA,3,,propagado
12303996,2014-10-22T01:44:32,S,EA,3,,manual
10040970,2014-10-19T23:08:38,S,EA,2,manchete,propagado
10252416,2014-10-19T19:27:53,N,NDA,3,,propagado
10086441,2014-10-19T22:54:05,N,NDA,3,manchete,manual
12581297,2014-10-23T16:40:06,S,NDA,3,link_morto,propagado
11708331,2014-10-21T11:10:08,S,NDA,3,,manual
10016543,2014-10-19T23:15:50,S,NDA,1,link_morto,manual
12065291,2014-10-22T16:25:40,S,EA,3,,manual
14704243,2014-10-24T10:29:20,S,EA,2,,propagado
14665710,2014-10-24T11:56:07,S,EA,3,,propagado
14657799,2014-10-24T12:13:55,S,NDA,3,manchete,manual
15106665,2014-10-25T16:23:56,S,NDA,1,idioma,propagado
14408172,2014-10-24T20:36:59,N,NDA,3,manchete,propagado
11867516,2014-10-22T23:37:28,S,EA,3,,manual
12221287,2014-10-22T09:22:49,S,ED,2,,propagado
11473220,2014-10-21T20:42:24,N,EA,3,,propagado
14750980,2014-10-24T08:23:44,S,EA,3,,propagado
12530875,2014-10-23T18:20:48,S,NDA,3,manchete,propagado
12480850,2014-10-23T20:10:51,S,NDA,3,,propagado
14534531,2014-10-24T16:09:34,S,EA,2,manchete,manual
14719443,2014-10-24T09:53:27,S,ED,2,,propagado
12231398,2014-10-22T08:49:11,S,ED,2,manchete,propagado
14035871,2014-10-24T23:08:17,N,EA,2,,manual
11541392,2014-10-21T18:08:44,S,NDA,3,manchete,manual
10239370,2014-10-19T20:03:24,?,ED,3,idioma,manual
12405783,2014-10-23T22:24:14,N,NDA,3,,propagado
14742318,2014-10-24T08:50:46,?,EA,3,,manual
12746104,2014-10-23T09:38:07,S,EA,2,manchete,manual
11863482,2014-10-22T23:46:54,S,EA,2,,manual
10174371,2014-10-19T22:22:15,S,NDA,3,,propagado
11611831,2014-10-21T15:06:13,S,ED,2,,propagado
15419320,2014-10-25T01:03:36,S,NDA,1,link_morto,manual
15303647,2014-10-25T09:26:08,S,NDA,3,manchete,propagado
15104700,2014-10-25T16:28:27,S,ED,2,,manual
12838834,2014-10-23T01:20:17,S,EA,2,,manual
15012881,2014-10-25T19:22:20,S,NDA,1,link_morto,manual
10059879,2014-10-19T23:02:11,S,EA,2,manchete,propagado
14074600,2014-10-24T23:00:38,N,NDA,3,,propagado
15043366,2014-10-25T18:35:08,N,NDA,3,,propagado
14944067,2014-10-25T21:06:51,S,NDA,3,,propagado
13785708,2014-10-25T00:06:25,S,EA,2,,propagado
12430643,2014-10-23T21:42:51,S,NDA,3,manchete,manual
14617695,2014-10-24T13:29:04,S,NDA,3,,propagado
11852572,2014-10-23T00:12:44,N,NDA,3,manchete,manual
12487487,2014-10-23T19:56:09,S,NDA,3,,propagado
11927663,2014-10-22T21:35:45,S,EA,3,,manual
10857042,2014-10-20T09:12:09,S,ED,2,link_morto,manual
12244591,2014-10-22T07:57:52,S,NDA,3,manchete,propagado
14970119,2014-10-25T20:30:43,S,NDA,3,,manual
12414169,2014-10-23T22:11:16,S,EA,3,,manual
14159386,2014-10-24T22:46:27,S,NDA,3,terceiro,manual
10774258,2014-10-20T13:32:00,S,NDA,3,,propagado
10197077,2014-10-19T21:51:09,N,ED,2,manchete,manual
14534921,2014-10-24T16:08:42,S,NDA,3,manchete,propagado
9869705,2014-10-20T00:08:31,S,NDA,1,,manual
13741182,2014-10-25T00:30:40,S,EA,2,link_morto,propagado
13953183,2014-10-24T23:21:51,S,NDA,3,manchete,propagado
14812957,2014-10-24T02:26:37,N,NDA,3,manchete,manual
11992086,2014-10-22T19:24:33,S,NDA,3,manchete,propagado
12040422,2014-10-22T17:31:51,N,EA,2,manchete,manual
10756102,2014-10-20T14:27:53,S,NDA,3,,propagado
11485945,2014-10-21T20:19:17,S,NDA,3,manchete,manual
14053269,2014-10-24T23:04:43,S,EA,2,,propagado
14903601,2014-10-25T22:09:37,N,NDA,3,,propagado
14865797,2014-10-25T23:12:40,?,NDA,3,,propagado
10816894,2014-10-20T11:31:14,N,EA,2,manchete,propagado
15076888,2014-10-25T17:25:42,N,NDA,3,manchete,manual
11909693,2014-10-22T22:12:55,S,EA,3,,manual
11440465,2014-10-21T21:45:24,S,NDA,3,,manual
11495482,2014-10-21T19:59:12,S,EA,2,,propagado
15313334,2014-10-25T08:53:20,N,EA,2,manchete,manual
11828936,2014-10-21T01:20:02,N,EA,2,manchete,propagado
14559448,2014-10-24T15:16:37,N,NDA,3,manchete,propagado
14399796,2014-10-24T20:50:06,S,EA,3,,propagado
10620626,2014-10-20T20:54:39,S,NDA,3,manchete,manual
10227913,2014-10-19T20:35:02,S,EA,2,,propagado
12480194,2014-10-23T20:12:19,S,NDA,3,,propagado
14440887,2014-10-24T19:31:59,S,EA,2,manchete,manual
12452098,2014-10-23T21:01:13,S,NDA,3,,propagado
12439829,2014-10-23T21:24:47,?,NDA,3,manchete,manual
10604030,2014-10-20T21:27:40,S,NDA,3,,manual
14213297,2014-10-24T22:36:03,S,EA,2,,propagado
15127910,2014-10-25T15:40:15,S,NDA,3,,manual
12329436,2014-10-24T00:31:51,S,EA,3,,propagado
15039010,2014-10-25T18:40:24,S,NDA,3,,propagado
14700965,2014-10-24T10:36:27,S,NDA,3,,propagado
14896305,2014-10-25T22:21:27,S,NDA,3,manchete,propagado
13994492,2014-10-24T23:15:19,S,NDA,3,,manual
15048096,2014-10-25T18:28:06,S,NDA,3,,manual
12467717,2014-10-23T20:35:39,N,NDA,3,,manual
11777565,2014-10-21T06:59:41,S,NDA,3,,propagado
13823072,2014-10-24T23:45:43,S,EA,2,,propagado
10687428,2014-10-20T18:11:19,S,NDA,3,manchete,propagado
14139675,2014-10-24T22:50:13,S,NDA,3,,manual
10030898,2014-10-19T23:11:46,S,EA,2,,propagado
10604192,2014-10-20T21:27:19,N,NDA,3,,propagado
13849654,2014-10-24T23:40:35,S,NDA,3,idioma,manual
14854473,2014-10-25T23:32:52,S,ED,2,,manual
12023365,2014-10-22T18:14:48,N,NDA,3,,propagado
10168948,2014-10-19T22:25:00,S,NDA,3,,manual
14714558,2014-10-24T10:05:01,S,EA,2,,propagado
12597198,2014-10-23T15:57:02,S,EA,2,manchete,manual
13791479,2014-10-25T00:04:15,S,NDA,3,,manual
15010276,2014-10-25T19:26:48,S,NDA,2,,manual
10238872,2014-10-19T20:04:35,S,NDA,3,manchete,propagado
12481082,2014-10-23T20:10:22,S,NDA,3,,propagado
12503032,2014-10-23T19:21:56,S,NDA,3,,propagado
10640509,2014-10-20T20:20:39,S,ED,2,manchete,manual
12242905,2014-10-22T08:04:35,S,NDA,3,,manual
12250513,2014-10-22T07:28:59,S,NDA,3,manchete,propagado
12048793,2014-10-22T17:08:13,S,NDA,3,manchete,manual
12609258,2014-10-23T15:23:52,S,EA,3,,propagado
11506817,2014-10-21T19:33:56,S,NDA,3,,propagado
10684234,2014-10-20T18:21:24,S,ED,2,manchete,manual
11514250,2014-10-21T19:16:50,S,EA,2,manchete,manual
15028911,2014-10-25T18:55:12,S,NDA,3,manchete,propagado
10191158,2014-10-19T22:02:37,S,NDA,3,,manual
15040375,2014-10-25T18:38:48,N,NDA,3,,propagado
14557810,2014-10-24T15:20:06,S,ED,3,,propagado
14403917,2014-10-24T20:43:54,S,EA,2,,propagado
14766199,2014-10-24T07:27:23,S,NDA,3,,propagado
12568665,2014-10-23T17:09:55,S,NDA,3,manchete,manual
14903543,2014-10-25T22:09:43,S,NDA,3,,propagado
14132110,2014-10-24T22:51:37,S,NDA,3,,manual
12474636,2014-10-23T20:22:51,S,NDA,3,,propagado
15107163,2014-10-25T16:22:46,S,NDA,3,,propagado
12773525,2014-10-23T08:02:53,N,EA,2,manchete,propagado
14392341,2014-10-24T21:01:02,S,NDA,3,,manual
10215272,2014-10-19T21:05:02,S,ED,2,,propagado
14342246,2014-10-24T22:12:50,S,NDA,3,,manual
12341909,2014-10-24T00:07:59,S,EA,3,,manual
12448469,2014-10-23T21:07:42,S,NDA,3,link_morto,manual
14747532,2014-10-24T08:35:21,S,ED,3,,manual
13907555,2014-10-24T23:29:33,S,NDA,3,,manual
14721244,2014-10-24T09:49:01,S,NDA,3,manchete,manual
12758534,2014-10-23T08:57:49,S,NDA,3,,manual
15010086,2014-10-25T19:27:08,S,NDA,2,,manual
15092030,2014-10-25T16:55:33,S,EA,3,link_morto,propagado
15011651,2014-10-25T19:24:27,S,NDA,3,,propagado
10940156,2014-10-20T01:19:54,S,NDA,1,link_morto,manual
15076249,2014-10-25T17:27:01,S,ED,3,,manual
11359503,2014-10-22T00:40:25,S,NDA,3,,propagado
12704905,2014-10-23T11:32:00,S,NDA,3,,manual
11389659,2014-10-21T23:30:54,S,NDA,1,link_morto,propagado
14376415,2014-10-24T21:26:59,S,EA,2,,manual
14567582,2014-10-24T14:59:59,S,ED,2,,propagado
12476693,2014-10-23T20:19:03,S,EA,2,,manual
15033012,2014-10-25T18:48:51,S,EA,3,link_morto,propagado
10095296,2014-10-19T22:51:48,N,ED,2,,manual
12640886,2014-10-23T14:05:08,S,EA,3,,propagado
12549695,2014-10-23T17:42:56,N,NDA,3,,propagado
11391085,2014-10-21T23:28:04,S,NDA,3,,propagado
12646162,2014-10-23T13:52:13,S,EA,3,,propagado
12549114,2014-10-23T17:44:04,S,EA,3,,propagado
12638510,2014-10-23T14:10:44,S,NDA,3,manchete,propagado
12084001,2014-10-22T15:36:40,S,EA,3,,manual
12085637,2014-10-22T15:32:08,S,NDA,3,manchete,propagado
10663388,2014-10-20T19:25:26,S,ED,2,,propagado
12448082,2014-10-23T21:08:25,S,NDA,3,,propagado
11708058,2014-10-21T11:10:43,N,NDA,3,,manual
10514020,2014-10-21T00:39:10,S,NDA,2,manchete,propagado
12550057,2014-10-23T17:42:15,S,ED,2,manchete,propagado
11871167,2014-10-22T23:29:24,S,NDA,1,idioma,manual
12010093,2014-10-22T18:46:13,S,EA,3,,manual
14679105,2014-10-24T11:25:59,S,NDA,2,,manual
9899615,2014-10-19T23:55:35,N,NDA,3,,manual
10561630,2014-10-20T22:52:30,S,NDA,3,,manual
10018943,2014-10-19T23:15:08,S,EA,2,manchete,propagado
15120814,2014-10-25T15:54:45,S,EA,3,link_morto,propagado
14877345,2014-10-25T22:53:15,S,NDA,3,,propagado
9856628,2014-10-20T00:18:35,S,NDA,3,,propagado
15254403,2014-10-25T11:32:11,S,ED,2,,manual
15035428,2014-10-25T18:45:28,S,EA,3,link_morto,propagado
13804927,2014-10-24T23:52:59,S,NDA,3,,manual
12518428,2014-10-23T18:47:41,S,EA,3,,propagado
14540244,2014-10-24T15:57:53,S,NDA,1,link_morto,manual
13924623,2014-10-24T23:26:51,S,EA,2,,manual
14857029,2014-10-25T23:28:23,S,NDA,3,link_morto,manual
14892625,2014-10-25T22:27:58,S,EA,2,,propagado
11763117,2014-10-21T08:09:53,S,NDA,3,,propagado
15200336,2014-10-25T13:22:43,S,NDA,3,manchete,propagado
14453390,2014-10-24T19:06:36,N,NDA,3,,manual
14556551,2014-10-24T15:22:37,S,NDA,3,,manual
12461068,2014-10-23T20:45:46,S,EA,2,manchete,propagado
15093381,2014-10-25T16:52:54,S,NDA,3,manchete,propagado
14146096,2014-10-24T22:49:00,S,NDA,3,,manual
14971812,2014-10-25T20:28:07,S,NDA,3,,propagado
14334765,2014-10-24T22:15:05,N,NDA,3,,manual
14750284,2014-10-24T08:26:27,S,NDA,3,,manual
14252328,2014-10-24T22:30:00,S,EA,2,,manual
15040746,2014-10-25T18:38:19,S,NDA,3,manchete,propagado
12353231,2014-10-23T23:48:02,S,NDA,3,,propagado
10184049,2014-10-19T22:14:22,S,ED,2,,propagado
12565173,2014-10-23T17:15:44,S,NDA,3,,propagado
12366614,2014-10-23T23:25:25,S,EA,2,manchete,propagado
12498090,2014-10-23T19:32:38,S,NDA,3,manchete,propagado
14539656,2014-10-24T15:59:17,S,EA,3,,propagado
10646758,2014-10-20T20:09:50,S,ED,2,,propagado
10215674,2014-10-19T21:03:55,S,NDA,3,manchete,propagado
14865935,2014-10-25T23:12:27,S,EA,2,,propagado
12202925,2014-10-22T10:19:08,S,EA,3,,manual
14470743,2014-10-24T18:30:04,N,NDA,3,manchete,propagado
14647625,2014-10-24T12:35:08,S,NDA,3,manchete,propagado
11725892,2014-10-21T10:23:46,S,NDA,3,,manual
12435866,2014-10-23T21:32:24,S,NDA,3,,manual
13748431,2014-10-25T00:24:39,S,NDA,3,manchete,propagado
14428569,2014-10-24T19:56:31,S,ED,2,link_morto,propagado
10504877,2014-10-19T01:05:27,S,EA,2,,propagado
13903334,2014-10-24T23:30:14,N,NDA,3,,manual
12462772,2014-10-23T20:43:14,S,EA,2,manchete,manual
14864862,2014-10-25T23:14:19,S,ED,2,,manual
12492916,2014-10-23T19:44:04,S,NDA,3,,propagado
13715189,2014-10-25T00:55:54,S,EA,2,,propagado
12569501,2014-10-23T17:08:35,S,NDA,3,,manual
12494779,2014-10-23T19:40:01,S,EA,3,,manual
12745925,2014-10-23T09:38:40,S,EA,2,manchete,manual
11835287,2014-10-23T00:59:04,S,EA,2,,manual
11376326,2014-10-21T23:59:22,S,EA,3,idioma,manual
15070233,2014-10-25T17:39:51,N,NDA,3,,manual
11510598,2014-10-21T19:25:13,N,ED,2,,manual
14899491,2014-10-25T22:16:16,S,NDA,3,,propagado
11652509,2014-10-21T13:21:13,S,EA,2,,manual
12032818,2014-10-22T17:51:58,S,NDA,3,,propagado
12606668,2014-10-23T15:30:49,S,EA,3,,propagado
12818998,2014-10-23T02:51:36,S,ED,3,,manual
12118555,2014-10-22T14:03:07,S,ED,2,manchete,propagado
10318259,2014-10-19T15:53:22,S,NDA,3,manchete,propagado
10004645,2014-10-19T23:19:31,S,EA,2,manchete,manual
11491486,2014-10-21T20:07:41,S,EA,2,,propagado
15019088,2014-10-25T19:11:44,S,NDA,3,,manual
12612349,2014-10-23T15:15:54,S,NDA,2,,manual
15202886,2014-10-25T13:17:16,S,NDA,3,,propagado
14650095,2014-10-24T12:30:05,S,ED,2,,manual
14567978,2014-10-24T14:59:09,N,NDA,3,manchete,propagado
11413393,2014-10-21T22:40:56,S,NDA,3,,manual
10245640,2014-10-19T19:46:21,S,NDA,3,,manual
10903073,2014-10-20T04:25:29,S,NDA,3,idioma,manual
15100124,2014-10-25T16:38:48,S,EA,3,link_morto,propagado
15242789,2014-10-25T11:55:58,S,NDA,3,manchete,manual
15325997,2014-10-25T08:04:31,S,NDA,3,link_morto,manual
15089969,2014-10-25T17:00:07,S,EA,3,link_morto,propagado
15188475,2014-10-25T13:46:14,S,EA,2,,manual
14005513,2014-10-24T23:13:30,S,EA,2,,manual
14945872,2014-10-25T21:04:34,S,NDA,3,,propagado
10213893,2014-10-19T21:08:47,N,NDA,3,,propagado
15052354,2014-10-25T18:19:26,S,EA,3,link_morto,propagado
12404037,2014-10-23T22:26:43,N,NDA,3,,manual
14917504,2014-10-25T21:47:31,S,EA,3,,manual
10874219,2014-10-20T07:56:04,S,NDA,3,,propagado
13852983,2014-10-24T23:39:56,S,NDA,2,,manual
15006792,2014-10-25T19:32:30,S,NDA,3,,propagado
14577868,2014-10-24T14:39:19,S,ED,3,,propagado
10593752,2014-10-20T21:49:37,S,NDA,2,link_morto,propagado
15163701,2014-10-25T14:32:52,S,NDA,2,link_morto,propagado
13825013,2014-10-24T23:45:20,S,EA,2,,propagado
14316489,2014-10-24T22:19:12,S,EA,2,,manual
15042407,2014-10-25T18:36:13,S,NDA,3,manchete,manual
12646269,2014-10-23T13:51:57,S,EA,3,,propagado
14507638,2014-10-24T17:07:44,S,EA,2,,propagado
12564136,2014-10-23T17:17:27,S,NDA,3,manchete,manual
11904919,2014-10-22T22:21:49,S,NDA,1,,manual
15233159,2014-10-25T12:16:24,N,NDA,2,idioma,manual
14557902,2014-10-24T15:19:56,S,ED,2,manchete,propagado
15324624,2014-10-25T08:10:41,N,NDA,3,manchete,manual
13809952,2014-10-24T23:48:22,S,NDA,1,link_morto,manual
9916093,2014-10-19T23:49:17,S,EA,2,,manual
12448406,2014-10-23T21:07:50,S,EA,3,,propagado
14608277,2014-10-24T13:44:44,S,EA,3,,propagado
13724681,2014-10-25T00:45:43,S,NDA,1,,manual
12182501,2014-10-22T11:18:41,N,NDA,3,manchete,manual
15104767,2014-10-25T16:28:18,S,EA,3,link_morto,propagado
14674614,2014-10-24T11:36:08,N,NDA,3,manchete,manual
11510939,2014-10-21T19:24:23,S,EA,3,,manual
12046744,2014-10-22T17:13:58,S,NDA,3,manchete,propagado
10833220,2014-10-20T10:38:04,N,NDA,3,manchete,manual
10121670,2014-10-19T22:43:11,S,NDA,3,manchete,propagado
12480328,2014-10-23T20:12:00,S,NDA,3,,propagado
12527168,2014-10-23T18:28:32,S,NDA,3,manchete,propagado
10531039,2014-10-20T23:56:42,S,NDA,3,,propagado
14290004,2014-10-24T22:24:03,S,ED,2,,manual
12455782,2014-10-23T20:54:36,S,EA,2,manchete,propagado
10636479,2014-10-20T20:27:40,S,NDA,3,,manual
13921649,2014-10-24T23:27:18,S,NDA,1,link_morto,manual
14887559,2014-10-25T22:36:21,S,ED,2,,propagado
10608274,2014-10-20T21:18:33,N,NDA,3,,propagado
14523131,2014-10-24T16:34:03,S,NDA,2,link_morto,propagado
12479279,2014-10-23T20:14:09,S,NDA,3,,propagado
12621270,2014-10-23T14:53:57,S,ED,2,,propagado
15204284,2014-10-25T13:14:27,S,EA,3,,manual
10316226,2014-10-19T16:00:10,S,NDA,3,manchete,propagado
14449023,2014-10-24T19:15:43,S,ED,2,,manual
10322767,2014-10-19T15:37:49,S,NDA,3,,manual
14834496,2014-10-24T01:12:27,N,NDA,3,,propagado
14928415,2014-10-25T21:30:03,S,NDA,1,,manual
12195654,2014-10-22T10:40:57,S,NDA,3,,propagado
14170861,2014-10-24T22:44:06,N,NDA,3,,manual
11763853,2014-10-21T08:06:21,S,NDA,3,idioma,manual
14210572,2014-10-24T22:36:28,N,NDA,3,,manual
14074224,2014-10-24T23:00:41,S,NDA,3,,manual
12456348,2014-10-23T20:53:34,S,NDA,3,,propagado
12467944,2014-10-23T20:35:13,N,NDA,3,,manual
14557195,2014-10-24T15:21:26,S,EA,2,manchete,propagado
13883423,2014-10-24T23:33:44,S,EA,2,,manual
12378000,2014-10-23T23:06:50,S,NDA,1,,manual
14879832,2014-10-25T22:49:12,S,ED,3,,propagado
10152562,2014-10-19T22:32:18,S,NDA,3,,manual
14535417,2014-10-24T16:07:37,S,EA,3,,manual
11464051,2014-10-21T20:57:42,S,EA,2,,manual
12183814,2014-10-22T11:15:12,S,NDA,3,,manual
12181436,2014-10-22T11:21:23,S,NDA,3,,propagado
12075361,2014-10-22T15:59:38,S,EA,2,,manual
12264676,2014-10-22T06:00:47,S,ED,2,,propagado
12669496,2014-10-23T12:59:02,N,NDA,3,,manual
11448886,2014-10-21T21:28:48,S,EA,2,,manual
10025471,2014-10-19T23:13:18,S,EA,2,,propagado
13810051,2014-10-24T23:48:21,S,NDA,3,,manual
10173888,2014-10-19T22:22:30,S,NDA,3,,propagado
14662106,2014-10-24T12:04:10,S,EA,3,,propagado
12681642,2014-10-23T12:29:49,S,NDA,2,link_morto,manual
10313959,2014-10-19T16:08:30,S,NDA,3,,manual
11757798,2014-10-21T08:32:55,S,NDA,3,,manual
12405346,2014-10-23T22:24:55,S,NDA,3,,propagado
12480847,2014-10-23T20:10:51,S,NDA,3,,propagado
10204177,2014-10-19T21:34:40,N,NDA,3,,manual
11812685,2014-10-21T02:29:09,N,ED,2,,manual
10625964,2014-10-20T20:45:29,S,NDA,3,manchete,propagado
14568216,2014-10-24T14:58:37,N,NDA,3,,manual
12500014,2014-10-23T19:28:28,S,NDA,1,,manual
12572351,2014-10-23T17:03:44,N,NDA,3,,propagado
10721625,2014-10-20T16:16:49,N,NDA,3,,manual
12606212,2014-10-23T15:32:04,N,ED,2,,manual
12498825,2014-10-23T19:30:56,S,EA,2,,manual
11774791,2014-10-21T07:14:35,S,NDA,3,,propagado
10310314,2014-10-19T16:21:13,S,NDA,3,,manual
14617707,2014-10-24T13:29:03,S,EA,3,,propagado
14535593,2014-10-24T16:07:16,N,ED,2,,manual
10650775,2014-10-20T20:02:46,S,NDA,3,,propagado
14819986,2014-10-24T01:57:50,S,NDA,3,,manual
12087063,2014-10-22T15:28:10,S,NDA,3,manchete,propagado
10693310,2014-10-20T17:47:30,S,EA,2,,manual
14059580,2014-10-24T23:03:23,S,NDA,3,,manual
14058289,2014-10-24T23:03:39,S,ED,2,,propagado
14522922,2014-10-24T16:34:28,S,ED,3,,manual
13958296,2014-10-24T23:21:03,S,NDA,2,,manual
14950787,2014-10-25T20:58:26,S,ED,2,,propagado
14916370,2014-10-25T21:49:26,N,NDA,3,,propagado
14609475,2014-10-24T13:42:35,S,NDA,3,,manual
15034262,2014-10-25T18:47:02,S,NDA,3,manchete,propagado
15276255,2014-10-25T10:43:42,S,NDA,3,,manual
12783627,2014-10-23T07:14:08,S,NDA,3,manchete,propagado
10257092,2014-10-19T19:13:03,N,NDA,3,,propagado
14541851,2014-10-24T15:54:18,S,NDA,3,manchete,propagado
11705205,2014-10-21T11:17:17,S,ED,3,,manual
13956293,2014-10-24T23:21:23,S,ED,2,,manual
10246286,2014-10-19T19:44:40,S,NDA,3,,manual
12443002,2014-10-23T21:18:10,S,NDA,3,,manual
12484371,2014-10-23T20:02:37,S,NDA,3,,propagado
11754850,2014-10-21T08:44:21,S,NDA,3,,propagado
11686895,2014-10-21T12:00:29,S,EA,2,,manual
14038131,2014-10-24T23:07:49,S,EA,2,,manual
13772917,2014-10-25T00:11:38,S,NDA,3,,manual
14506247,2014-10-24T17:10:37,N,NDA,3,,propagado
11514575,2014-10-21T19:16:05,S,NDA,3,,propagado
10945922,2014-10-20T01:06:32,S,NDA,3,,propagado
15045944,2014-10-25T18:31:57,S,NDA,3,,propagado
15127988,2014-10-25T15:40:07,N,NDA,3,,manual
10306517,2014-10-19T16:34:34,N,NDA,3,,manual
14305975,2014-10-24T22:21:16,S,EA,1,,manual
12541731,2014-10-23T17:58:30,S,NDA,3,link_morto,propagado
15142611,2014-10-25T15:11:05,S,NDA,3,,propagado
10172344,2014-10-19T22:23:18,S,EA,2,,manual
12447806,2014-10-23T21:08:57,S,EA,2,,manual
12744023,2014-10-23T09:44:32,N,ED,2,manchete,propagado
15043858,2014-10-25T18:34:34,S,NDA,3,manchete,propagado
12216261,2014-10-22T09:39:13,N,NDA,3,idioma,propagado
12480652,2014-10-23T20:11:21,S,NDA,3,,manual
12532899,2014-10-23T18:16:53,S,NDA,3,manchete,propagado
12482511,2014-10-23T20:06:21,S,NDA,3,,propagado
9993707,2014-10-19T23:23:01,N,NDA,3,,manual
10621079,2014-10-20T20:53:54,S,EA,2,,manual
13775837,2014-10-25T00:10:22,S,NDA,3,manchete,propagado
11600540,2014-10-21T15:34:58,S,NDA,3,,propagado
11704747,2014-10-21T11:18:22,S,EA,2,,manual
15231046,2014-10-25T12:21:08,S,NDA,1,link_morto,manual
14912756,2014-10-25T21:55:42,S,ED,3,,propagado
12279531,2014-10-22T04:01:59,S,NDA,3,manchete,propagado
10579564,2014-10-20T22:17:57,S,NDA,3,manchete,manual
10612023,2014-10-20T21:11:07,N,NDA,3,,propagado
10866814,2014-10-20T08:31:47,S,NDA,3,manchete,manual
10883234,2014-10-20T07:08:04,S,NDA,3,,propagado
11756567,2014-10-21T08:37:51,S,EA,2,,manual
12085092,2014-10-22T15:33:48,N,NDA,3,idioma,manual
10108675,2014-10-19T22:47:32,S,EA,2,,propagado
14747932,2014-10-24T08:34:10,N,NDA,3,,manual
10859633,2014-10-20T09:01:42,N,NDA,3,,manual
12468955,2014-10-23T20:33:31,S,NDA,3,,propagado
14887638,2014-10-25T22:36:13,S,EA,2,,manual
14417428,2014-10-24T20:19:17,S,ED,2,link_morto,propagado
14919752,2014-10-25T21:43:43,S,NDA,3,,propagado
12026656,2014-10-22T18:06:55,S,NDA,3,,propagado
14789675,2014-10-24T05:03:33,S,EA,2,manchete,propagado
12365594,2014-10-23T23:27:12,S,NDA,3,,manual
14756723,2014-10-24T08:03:38,S,NDA,3,manchete,manual
14136600,2014-10-24T22:50:47,S,NDA,3,,manual
15026316,2014-10-25T18:59:39,S,NDA,3,,manual
12500946,2014-10-23T19:26:30,S,EA,3,,propagado
9885533,2014-10-20T00:00:33,S,EA,3,,manual
12104243,2014-10-22T14:42:27,N,NDA,3,manchete,propagado
12486476,2014-10-23T19:58:25,S,NDA,3,manchete,propagado
12594601,2014-10-23T16:04:06,S,ED,2,,propagado
12646838,2014-10-23T13:50:30,S,EA,3,,propagado
11361416,2014-10-22T00:35:23,S,ED,3,,manual
12560101,2014-10-23T17:24:12,N,NDA,3,,propagado
12293404,2014-10-22T02:32:52,S,NDA,2,link_morto,propagado
14011966,2014-10-24T23:12:33,S,EA,2,,propagado
12649565,2014-10-23T13:43:54,S,EA,3,,propagado
15357343,2014-10-25T04:16:23,S,NDA,3,,manual
12187003,2014-10-22T11:06:04,S,NDA,3,,propagado
14546660,2014-10-24T15:43:47,S,NDA,3,,propagado
14770631,2014-10-24T07:07:23,S,NDA,1,idioma,manual
14443168,2014-10-24T19:27:42,S,ED,3,,manual
14294832,2014-10-24T22:23:11,S,EA,2,,manual
10697874,2014-10-20T17:30:38,S,NDA,3,manchete,propagado
14153155,2014-10-24T22:47:32,S,NDA,3,,manual
14503458,2014-10-24T17:16:36,N,NDA,3,,propagado
11477152,2014-10-21T20:35:48,S,NDA,3,,propagado
14491681,2014-10-24T17:43:34,S,NDA,3,,propagado
12650397,2014-10-23T13:42:15,S,EA,3,,propagado
15110696,2014-10-25T16:15:27,S,EA,3,link_morto,propagado
12515021,2014-10-23T18:54:38,S,NDA,3,link_morto,propagado
14539439,2014-10-24T15:59:44,N,NDA,3,manchete,propagado
10651911,2014-10-20T20:00:03,N,ED,2,,manual
14318201,2014-10-24T22:18:52,S,EA,3,,manual
10577929,2014-10-20T22:21:01,S,NDA,3,manchete,propagado
12244726,2014-10-22T07:57:17,S,EA,2,link_morto,propagado
10685044,2014-10-20T18:18:54,S,NDA,3,manchete,propagado
13785767,2014-10-25T00:06:24,S,NDA,3,manchete,propagado
10248025,2014-10-19T19:39:49,S,NDA,2,,manual
11764315,2014-10-21T08:04:35,S,NDA,3,,propagado
12010326,2014-10-22T18:45:34,N,NDA,3,,manual
12037939,2014-10-22T17:38:13,N,NDA,3,,manual
11975605,2014-10-22T20:00:07,N,NDA,3,,manual
12004645,2014-10-22T18:58:14,S,EA,2,rt_ironico,manual
12340661,2014-10-24T00:10:18,S,ED,2,,manual
12458545,2014-10-23T20:49:46,S,NDA,3,,propagado
15131549,2014-10-25T15:32:42,S,EA,3,link_morto,propagado
14184006,2014-10-24T22:41:00,N,NDA,3,,manual
15353564,2014-10-25T04:45:20,S,NDA,2,,propagado
14441958,2014-10-24T19:30:04,S,ED,3,,propagado
11904299,2014-10-22T22:23:04,S,NDA,3,,manual
14682849,2014-10-24T11:17:41,S,EA,2,,manual
14719272,2014-10-24T09:53:53,S,NDA,3,,propagado
13813123,2014-10-24T23:47:46,S,NDA,3,,manual
15123236,2014-10-25T15:50:01,S,EA,3,link_morto,propagado
14860601,2014-10-25T23:21:48,S,EA,2,link_morto,propagado
10083928,2014-10-19T22:54:44,S,ED,2,,propagado
14556946,2014-10-24T15:21:54,S,NDA,3,manchete,propagado
12466160,2014-10-23T20:38:10,S,NDA,3,,manual
14288135,2014-10-24T22:24:23,S,EA,2,,manual
12062947,2014-10-22T16:31:37,S,ED,2,,propagado
14937090,2014-10-25T21:16:48,S,ED,1,link_morto,manual
14168323,2014-10-24T22:44:38,S,NDA,3,,propagado
14950518,2014-10-25T20:58:45,N,NDA,3,,manual
14546123,2014-10-24T15:45:02,S,EA,3,,manual
14604014,2014-10-24T13:51:59,S,ED,2,,manual
12534687,2014-10-23T18:13:10,S,NDA,3,manchete,propagado
13998162,2014-10-24T23:14:44,S,NDA,3,,propagado
12517597,2014-10-23T18:49:17,S,NDA,3,,propagado
12591465,2014-10-23T16:12:06,S,EA,3,,propagado
14872407,2014-10-25T23:01:41,S,EA,3,,manual
14420199,2014-10-24T20:13:28,S,EA,2,manchete,propagado
15048169,2014-10-25T18:27:55,S,NDA,3,,manual
14856772,2014-10-25T23:28:53,S,NDA,3,,manual
14927542,2014-10-25T21:31:19,S,NDA,2,,manual
14346207,2014-10-24T22:10:04,N,NDA,3,,manual
11570099,2014-10-21T16:55:06,N,NDA,3,,propagado
15118613,2014-10-25T15:59:42,S,NDA,3,,propagado
10672594,2014-10-20T18:57:01,N,NDA,3,terceiro,manual
12669595,2014-10-23T12:58:47,S,NDA,2,,manual
15211413,2014-10-25T12:59:37,S,NDA,2,link_morto,propagado
14686809,2014-10-24T11:09:29,S,ED,2,idioma,manual
12816500,2014-10-23T03:06:30,S,EA,2,,manual
11599249,2014-10-21T15:38:19,S,NDA,3,manchete,propagado
10745935,2014-10-20T14:58:49,S,NDA,2,,propagado
15032452,2014-10-25T18:49:42,S,NDA,3,manchete,manual
11364752,2014-10-22T00:26:59,S,NDA,3,,manual
10118248,2014-10-19T22:44:23,S,EA,2,,manual
11438753,2014-10-21T21:48:33,S,EA,2,,manual
10175769,2014-10-19T22:21:23,S,NDA,3,manchete,manual
12722230,2014-10-23T10:45:36,S,NDA,2,,manual
12367897,2014-10-23T23:23:16,N,NDA,3,,manual
15269730,2014-10-25T10:58:56,S,ED,3,,manual
14590248,2014-10-24T14:16:33,S,ED,2,manchete,propagado
10258865,2014-10-19T19:06:58,N,NDA,3,,propagado
15042155,2014-10-25T18:36:33,S,NDA,3,manchete,propagado
14942481,2014-10-25T21:08:50,S,EA,2,,manual
12474690,2014-10-23T20:22:47,S,NDA,3,manchete,propagado
13917058,2014-10-24T23:28:03,S,EA,2,,propagado
14462386,2014-10-24T18:48:17,N,NDA,3,,manual
10245611,2014-10-19T19:46:24,S,NDA,3,,manual
14112529,2014-10-24T22:55:19,S,ED,2,,manual
13786530,2014-10-25T00:06:07,S,NDA,2,,manual
10578697,2014-10-20T22:19:34,N,NDA,3,,propagado
12542955,2014-10-23T17:55:56,N,NDA,3,manchete,manual
9992180,2014-10-19T23:23:29,N,NDA,3,manchete,manual
10528010,2014-10-21T00:03:19,S,ED,2,manchete,propagado
14720693,2014-10-24T09:50:22,S,EA,2,,manual
14980141,2014-10-25T20:15:32,N,EA,2,,propagado
11492173,2014-10-21T20:06:08,S,EA,2,,propagado
12016925,2014-10-22T18:30:17,N,NDA,3,,propagado
15233200,2014-10-25T12:16:20,S,ED,2,,manual
10208239,2014-10-19T21:23:45,S,NDA,3,,manual
12383282,2014-10-23T22:58:17,N,NDA,3,,propagado
12565476,2014-10-23T17:15:14,N,NDA,3,manchete,manual
10701951,2014-10-20T17:18:04,S,ED,3,,propagado
10212351,2014-10-19T21:12:59,S,NDA,1,,propagado
11734111,2014-10-21T09:57:53,S,NDA,3,manchete,propagado
15198048,2014-10-25T13:27:34,S,NDA,2,link_morto,propagado
10214272,2014-10-19T21:07:45,S,NDA,3,manchete,propagado
11509127,2014-10-21T19:28:39,S,ED,2,,propagado
14977008,2014-10-25T20:20:27,S,NDA,3,terceiro,manual
10515920,2014-10-21T00:34:03,S,NDA,2,manchete,propagado
10841045,2014-10-20T10:09:23,N,NDA,3,manchete,manual
14994109,2014-10-25T19:53:27,S,EA,3,,manual
12543987,2014-10-23T17:53:46,S,ED,2,manchete,propagado
11861242,2014-10-22T23:51:57,S,NDA,3,,manual
12547998,2014-10-23T17:46:09,S,NDA,3,link_morto,propagado
12374456,2014-10-23T23:12:40,S,NDA,3,,manual
11512567,2014-10-21T19:20:39,S,NDA,3,,propagado
11788987,2014-10-21T05:29:49,S,NDA,3,,propagado
11853579,2014-10-23T00:10:18,S,NDA,3,manchete,propagado
12518890,2014-10-23T18:46:49,S,NDA,3,manchete,propagado
14989621,2014-10-25T20:00:40,N,NDA,3,,manual
10727828,2014-10-20T15:56:38,S,ED,2,,manual
15105933,2014-10-25T16:25:41,S,ED,2,manchete,propagado
12226561,2014-10-22T09:05:26,N,NDA,3,idioma,propagado
12093303,2014-10-22T15:11:10,S,NDA,3,manchete,propagado
15220176,2014-10-25T12:42:42,S,EA,3,,manual
12443943,2014-10-23T21:16:22,S,NDA,3,,propagado
10843321,2014-10-20T10:01:20,S,ED,2,manchete,propagado
14703668,2014-10-24T10:30:27,S,NDA,3,,propagado
11852536,2014-10-23T00:12:51,S,NDA,3,manchete,propagado
11393085,2014-10-21T23:23:52,S,EA,3,,manual
10757054,2014-10-20T14:24:52,S,NDA,3,,manual
10824659,2014-10-20T11:06:39,S,NDA,3,manchete,propagado
12505538,2014-10-23T19:16:28,S,EA,2,,manual
13837017,2014-10-24T23:43:06,S,ED,2,idioma,manual
12494851,2014-10-23T19:39:52,N,NDA,3,,manual
11501567,2014-10-21T19:46:07,S,NDA,3,manchete,manual
10325796,2014-10-19T15:26:48,S,EA,3,,manual
15319268,2014-10-25T08:32:23,S,NDA,2,,manual
14938475,2014-10-25T21:14:37,S,ED,3,,manual
10025861,2014-10-19T23:13:11,S,EA,2,,propagado
10261221,2014-10-19T18:59:36,N,NDA,3,,propagado
11657247,2014-10-21T13:10:49,S,NDA,3,,manual
14940349,2014-10-25T21:11:52,S,ED,3,,propagado
11387033,2014-10-21T23:36:24,S,EA,1,idioma,propagado
12459465,2014-10-23T20:48:19,S,NDA,3,,propagado
12354697,2014-10-23T23:45:32,S,ED,2,manchete,propagado
11412431,2014-10-21T22:42:53,S,NDA,3,idioma,manual
11840927,2014-10-23T00:42:48,S,EA,2,,manual
11642929,2014-10-21T13:43:22,S,ED,2,manchete,manual
15169038,2014-10-25T14:22:56,S,ED,3,,manual
14286566,2014-10-24T22:24:40,N,NDA,3,,manual
10149793,2014-10-19T22:33:22,S,NDA,1,link_morto,propagado
15224949,2014-10-25T12:33:41,N,NDA,3,,propagado
12581968,2014-10-23T16:38:13,S,NDA,3,,manual
15061231,2014-10-25T17:59:41,N,EA,2,,manual
12750022,2014-10-23T09:25:13,N,NDA,2,,manual
10114099,2014-10-19T22:45:47,N,NDA,3,idioma,manual
14052859,2014-10-24T23:04:47,S,NDA,1,,manual
12719050,2014-10-23T10:54:12,S,NDA,3,manchete,propagado
12089498,2014-10-22T15:21:29,S,EA,2,,manual
12265090,2014-10-22T05:57:34,S,NDA,3,manchete,propagado
12048952,2014-10-22T17:07:42,S,ED,2,,propagado
10163276,2014-10-19T22:27:40,S,ED,2,,manual
10880771,2014-10-20T07:22:54,S,EA,3,,manual
15373472,2014-10-25T02:42:26,S,NDA,2,manchete,manual
12567895,2014-10-23T17:11:12,S,NDA,3,,propagado
10090645,2014-10-19T22:53:01,S,NDA,1,,manual
15210083,2014-10-25T13:02:10,S,EA,3,,manual
11456129,2014-10-21T21:13:17,N,NDA,3,,manual
12043229,2014-10-22T17:23:53,S,NDA,3,manchete,propagado
12633448,2014-10-23T14:23:48,S,NDA,3,manchete,propagado
10248952,2014-10-19T19:37:27,S,NDA,3,terceiro,manual
11728468,2014-10-21T10:15:23,S,NDA,3,,propagado
11756827,2014-10-21T08:36:49,S,ED,3,,propagado
12625409,2014-10-23T14:43:34,S,EA,3,,propagado
11752274,2014-10-21T08:54:30,N,NDA,3,manchete,manual
12502014,2014-10-23T19:24:10,S,ED,2,manchete,propagado
14182980,2014-10-24T22:41:13,S,ED,3,,manual
12219033,2014-10-22T09:30:12,S,NDA,3,manchete,propagado
13761464,2014-10-25T00:17:10,S,EA,2,,propagado
11757868,2014-10-21T08:32:35,S,NDA,3,manchete,propagado
14518055,2014-10-24T16:45:16,S,EA,2,,propagado
12318017,2014-10-24T00:56:08,S,EA,3,,propagado
11476350,2014-10-21T20:37:01,S,NDA,3,,propagado
10661104,2014-10-20T19:32:13,N,NDA,3,manchete,manual
14479161,2014-10-24T18:11:24,S,NDA,3,idioma,manual
12760141,2014-10-23T08:52:06,N,NDA,3,manchete,manual
14857559,2014-10-25T23:27:22,S,NDA,1,link_morto,manual
10682317,2014-10-20T18:27:31,S,NDA,3,terceiro,manual
14421461,2014-10-24T20:10:59,S,NDA,3,,manual
12417360,2014-10-23T22:05:50,S,NDA,2,,propagado
14206798,2014-10-24T22:37:02,S,NDA,3,,manual
12423064,2014-10-23T21:55:44,N,ED,2,,manual
10521980,2014-10-21T00:18:09,N,NDA,3,manchete,manual
12516326,2014-10-23T18:51:53,S,NDA,3,,propagado
14015986,2014-10-24T23:11:48,S,EA,3,,manual
12308935,2014-10-22T01:26:25,S,EA,2,link_morto,propagado
15383902,2014-10-25T02:08:54,S,EA,2,,manual
12771833,2014-10-23T08:09:13,N,EA,2,,manual
12533389,2014-10-23T18:15:52,S,NDA,3,,propagado
13741311,2014-10-25T00:30:33,S,EA,2,link_morto,propagado
14922859,2014-10-25T21:38:50,S,NDA,3,,propagado
12822196,2014-10-23T02:34:13,S,NDA,3,manchete,propagado
15112528,2014-10-25T16:11:45,S,NDA,3,,propagado
14493503,2014-10-24T17:39:14,S,NDA,3,manchete,propagado
14704448,2014-10-24T10:28:52,S,NDA,3,manchete,propagado
15111431,2014-10-25T16:14:04,S,NDA,3,,manual
15187017,2014-10-25T13:48:51,S,NDA,2,link_morto,manual
11827244,2014-10-21T01:26:11,S,EA,2,,manual
12637787,2014-10-23T14:12:32,S,EA,3,,propagado
12320141,2014-10-24T00:51:21,S,EA,3,,propagado
12530027,2014-10-23T18:22:27,S,NDA,3,manchete,manual
14768156,2014-10-24T07:18:34,S,NDA,3,,propagado
10727750,2014-10-20T15:56:55,S,NDA,3,,propagado
12419093,2014-10-23T22:02:55,N,ED,2,manchete,propagado
10710851,2014-10-20T16:50:52,S,NDA,3,,propagado
14533509,2014-10-24T16:11:45,S,NDA,2,link_morto,propagado
14305662,2014-10-24T22:21:19,S,NDA,3,,manual
11996876,2014-10-22T19:14:45,N,EA,2,,manual
10810274,2014-10-20T11:50:19,S,EA,2,,manual
10209589,2014-10-19T21:20:20,N,NDA,3,,manual
12229520,2014-10-22T08:55:32,S,NDA,3,manchete,propagado
15120061,2014-10-25T15:56:22,S,EA,3,link_morto,propagado
14473641,2014-10-24T18:23:43,S,NDA,3,,manual
14869356,2014-10-25T23:06:39,S,NDA,3,,manual
14122003,2014-10-24T22:53:40,S,EA,2,,manual
12557141,2014-10-23T17:29:40,S,NDA,3,manchete,propagado
12224664,2014-10-22T09:11:45,S,NDA,3,manchete,propagado
10747080,2014-10-20T14:55:38,S,NDA,3,,manual
14840559,2014-10-25T23:57:42,S,EA,1,idioma,manual
12664080,2014-10-23T13:11:14,S,ED,3,,manual
14308921,2014-10-24T22:20:42,S,NDA,3,,manual
15031212,2014-10-25T18:51:40,S,NDA,3,,propagado
14445318,2014-10-24T19:23:30,S,EA,3,,propagado
10624573,2014-10-20T20:47:52,S,NDA,3,manchete,manual
12501149,2014-10-23T19:26:03,S,NDA,3,,propagado
10315170,2014-10-19T16:03:53,S,NDA,3,,manual
14124682,2014-10-24T22:53:12,S,EA,2,idioma,manual
12617946,2014-10-23T15:02:16,S,NDA,3,,manual
14684302,2014-10-24T11:14:39,S,NDA,3,manchete,manual
12489816,2014-10-23T19:51:02,S,ED,2,,manual
10860340,2014-10-20T08:59:10,N,NDA,3,,manual
15110540,2014-10-25T16:15:45,S,EA,3,link_morto,propagado
15147503,2014-10-25T15:01:33,S,NDA,3,manchete,manual
10744908,2014-10-20T15:01:35,S,NDA,3,,propagado
12461220,2014-10-23T20:45:34,S,EA,2,manchete,propagado
14524050,2014-10-24T16:32:02,N,NDA,3,,manual
14415487,2014-10-24T20:23:32,S,EA,2,,propagado
12060181,2014-10-22T16:38:46,S,EA,3,,manual
10593286,2014-10-20T21:50:43,S,NDA,3,manchete,manual
10268309,2014-10-19T18:37:57,S,ED,2,,manual
13896204,2014-10-24T23:31:24,S,EA,2,,manual
12765048,2014-10-23T08:35:15,S,ED,2,,propagado
15030722,2014-10-25T18:52:26,N,NDA,3,,propagado
15198203,2014-10-25T13:27:15,S,NDA,3,,manual
14198534,2014-10-24T22:38:21,S,EA,1,,manual
14413095,2014-10-24T20:28:16,S,NDA,3,,manual
14885681,2014-10-25T22:39:24,S,NDA,3,link_morto,propagado
10572288,2014-10-20T22:31:15,N,NDA,3,,manual
12560633,2014-10-23T17:23:14,S,ED,2,manchete,propagado
11895874,2014-10-22T22:39:51,N,EA,2,,manual
12437547,2014-10-23T21:29:25,N,NDA,3,,manual
12148042,2014-10-22T12:48:09,N,NDA,3,link_morto,manual
11661277,2014-10-21T13:02:02,S,NDA,3,,propagado
10604770,2014-10-20T21:26:00,N,NDA,3,,propagado
10068991,2014-10-19T22:59:13,S,NDA,2,,manual
12074919,2014-10-22T16:00:29,N,EA,3,,manual
11480196,2014-10-21T20:30:37,N,NDA,3,,manual
14966850,2014-10-25T20:35:43,N,NDA,3,,manual
12654058,2014-10-23T13:34:46,S,EA,3,,manual
14433836,2014-10-24T19:45:51,S,EA,2,idioma,manual
11707385,2014-10-21T11:12:14,N,ED,2,,manual
11989457,2014-10-22T19:30:14,N,NDA,3,,manual
14983443,2014-10-25T20:10:20,S,NDA,3,,propagado
14758359,2014-10-24T07:58:13,S,NDA,3,manchete,propagado
14966205,2014-10-25T20:36:42,N,NDA,3,manchete,propagado
14969482,2014-10-25T20:31:42,S,NDA,1,idioma,manual
11514085,2014-10-21T19:17:17,S,NDA,3,,propagado
11615268,2014-10-21T14:56:39,N,NDA,3,,propagado
9989141,2014-10-19T23:24:24,S,EA,2,,manual
11761618,2014-10-21T08:16:20,S,NDA,3,,propagado
14565386,2014-10-24T15:03:59,S,NDA,3,,manual
15205802,2014-10-25T13:11:00,S,ED,2,manchete,manual
14854752,2014-10-25T23:32:23,S,EA,3,idioma,manual
10271584,2014-10-19T18:27:43,N,NDA,3,,manual
12506147,2014-10-23T19:15:07,N,NDA,3,,manual
12518133,2014-10-23T18:48:12,S,NDA,1,link_morto,manual
11758711,2014-10-21T08:29:30,S,EA,2,,manual
14946768,2014-10-25T21:03:28,S,EA,2,idioma,propagado
13790365,2014-10-25T00:04:40,S,ED,3,,manual
12246680,2014-10-22T07:48:28,S,NDA,3,manchete,propagado
10272990,2014-10-19T18:23:14,S,EA,2,,propagado
14199852,2014-10-24T22:38:07,S,EA,2,,propagado
14490303,2014-10-24T17:46:49,S,NDA,3,manchete,propagado
14603679,2014-10-24T13:52:34,S,NDA,3,,manual
12115945,2014-10-22T14:09:43,N,ED,2,manchete,manual
14911137,2014-10-25T21:58:03,S,NDA,3,manchete,propagado
11484955,2014-10-21T20:21:06,S,ED,2,,manual
10753119,2014-10-20T14:37:20,S,NDA,3,,manual
10515435,2014-10-21T00:35:17,S,ED,2,,propagado
14597592,2014-10-24T14:03:19,?,NDA,3,,manual
10945848,2014-10-20T01:06:40,S,NDA,3,,propagado
14236506,2014-10-24T22:32:30,S,NDA,3,,manual
12223247,2014-10-22T09:16:39,S,NDA,3,,propagado
10199559,2014-10-19T21:45:31,S,ED,2,,propagado
10238221,2014-10-19T20:06:12,N,EA,2,manchete,manual
11538189,2014-10-21T18:16:49,S,EA,2,,manual
11482773,2014-10-21T20:25:28,S,NDA,3,manchete,propagado
14580889,2014-10-24T14:33:24,S,EA,3,,propagado
12112514,2014-10-22T14:19:09,S,EA,2,,manual
10658856,2014-10-20T19:39:21,S,NDA,3,,propagado
12516559,2014-10-23T18:51:22,S,NDA,3,link_morto,propagado
12449074,2014-10-23T21:06:38,S,NDA,3,,propagado
15032551,2014-10-25T18:49:31,S,NDA,3,manchete,propagado
12605718,2014-10-23T15:33:29,S,EA,3,,propagado
12183629,2014-10-22T11:15:43,S,NDA,3,manchete,propagado
10822905,2014-10-20T11:12:45,S,NDA,3,,manual
12736878,2014-10-23T10:05:19,S,EA,2,,manual
15040346,2014-10-25T18:38:50,S,NDA,3,,propagado
14212754,2014-10-24T22:36:09,S,ED,2,,manual
9913124,2014-10-19T23:50:19,S,NDA,3,,manual
14801376,2014-10-24T03:34:29,S,NDA,3,,propagado
14567246,2014-10-24T15:00:31,N,NDA,3,manchete,propagado
11446835,2014-10-21T21:33:07,S,EA,2,,propagado
10106960,2014-10-19T22:48:06,S,ED,2,manchete,manual
14764654,2014-10-24T07:33:42,S,EA,3,,propagado
11471180,2014-10-21T20:45:40,S,ED,3,,propagado
10354198,2014-10-19T13:52:41,S,NDA,3,,manual
15097799,2014-10-25T16:43:48,S,EA,3,,manual
12755963,2014-10-23T09:06:41,S,ED,2,,propagado
15387055,2014-10-25T02:01:21,S,EA,3,,propagado
14562803,2014-10-24T15:09:06,S,NDA,3,,propagado
14528126,2014-10-24T16:23:12,S,NDA,2,link_morto,manual
12517106,2014-10-23T18:50:18,S,NDA,3,link_morto,propagado
11463099,2014-10-21T20:59:28,S,ED,1,,manual
14938974,2014-10-25T21:13:50,S,ED,1,link_morto,propagado
12645773,2014-10-23T13:53:09,S,EA,3,,propagado
10507318,2014-10-21T00:57:52,N,ED,2,manchete,manual
14536208,2014-10-24T16:06:04,N,EA,2,idioma,manual
12570114,2014-10-23T17:07:36,N,NDA,3,,manual
10466664,2014-10-19T04:48:40,S,ED,2,,propagado
14512291,2014-10-24T16:58:08,S,EA,3,,manual
12235523,2014-10-22T08:35:06,S,NDA,3,manchete,propagado
12629769,2014-10-23T14:32:35,S,NDA,3,manchete,propagado
12471156,2014-10-23T20:29:27,S,NDA,3,,manual
13757183,2014-10-25T00:19:25,S,EA,2,,propagado
11852815,2014-10-23T00:12:07,?,NDA,3,idioma,manual
11751992,2014-10-21T08:55:41,N,NDA,3,,manual
14926578,2014-10-25T21:32:51,N,NDA,3,manchete,propagado
15224492,2014-10-25T12:34:30,S,EA,2,,manual
14125552,2014-10-24T22:53:02,S,EA,2,,manual
12600179,2014-10-23T15:48:35,S,ED,3,,propagado
11669148,2014-10-21T12:43:04,S,NDA,3,,propagado
10175816,2014-10-19T22:21:22,S,ED,3,,manual
14311353,2014-10-24T22:20:15,S,ED,2,,manual
14861592,2014-10-25T23:20:01,S,EA,2,,manual
14399372,2014-10-24T20:50:35,S,EA,2,,propagado
12543664,2014-10-23T17:54:24,N,EA,3,,manual
14962876,2014-10-25T20:41:27,N,NDA,3,manchete,propagado
12217007,2014-10-22T09:36:41,S,EA,2,link_morto,manual
12394075,2014-10-23T22:41:46,S,NDA,2,,manual
13761331,2014-10-25T00:17:14,S,EA,2,,propagado
12122823,2014-10-22T13:52:08,S,ED,2,,manual
12384735,2014-10-23T22:55:59,S,NDA,1,link_morto,propagado
12079173,2014-10-22T15:49:32,S,ED,3,,propagado
11550311,2014-10-21T17:44:26,S,EA,2,,manual
14758038,2014-10-24T07:59:30,S,NDA,3,,manual
12594486,2014-10-23T16:04:19,N,ED,2,,propagado
15113014,2014-10-25T16:10:43,S,EA,3,link_morto,propagado
10217705,2014-10-19T20:58:38,S,NDA,3,,manual
13724789,2014-10-25T00:45:38,S,NDA,3,manchete,propagado
14894345,2014-10-25T22:24:55,S,NDA,3,manchete,propagado
11984419,2014-10-22T19:40:55,S,NDA,3,,manual
14521886,2014-10-24T16:36:52,S,EA,3,,propagado
15412365,2014-10-25T01:12:53,S,NDA,3,,manual
13799196,2014-10-25T00:01:03,S,EA,2,,propagado
15011368,2014-10-25T19:25:00,S,NDA,3,,propagado
13837247,2014-10-24T23:43:03,S,NDA,3,,manual
10209580,2014-10-19T21:20:22,S,NDA,3,manchete,propagado
9987606,2014-10-19T23:24:52,N,EA,2,,manual
12234290,2014-10-22T08:39:21,S,EA,2,,manual
12573460,2014-10-23T17:01:31,S,NDA,1,link_morto,manual
14543090,2014-10-24T15:51:48,S,EA,2,,manual
14950053,2014-10-25T20:59:23,N,NDA,3,,propagado
12520178,2014-10-23T18:44:04,S,NDA,3,link_morto,propagado
14489838,2014-10-24T17:48:00,S,NDA,3,,manual
14398460,2014-10-24T20:51:49,S,EA,2,,manual
13759523,2014-10-25T00:18:11,S,EA,2,link_morto,propagado
14655823,2014-10-24T12:17:59,S,NDA,3,,manual
12143005,2014-10-22T13:01:29,S,NDA,3,,manual
12765731,2014-10-23T08:32:49,N,NDA,3,manchete,propagado
15268973,2014-10-25T11:00:30,S,EA,3,,propagado
14980669,2014-10-25T20:14:39,N,NDA,3,,propagado
10333458,2014-10-19T15:00:01,N,ED,3,,manual
12642156,2014-10-23T14:01:54,S,EA,3,,propagado
10864357,2014-10-20T08:42:22,N,NDA,3,,propagado
15292350,2014-10-25T10:02:44,S,EA,2,,manual
14297144,2014-10-24T22:22:46,S,EA,2,,manual
14102557,2014-10-24T22:56:29,S,NDA,3,idioma,manual
11897964,2014-10-22T22:35:55,S,ED,3,,manual
15080606,2014-10-25T17:18:45,S,EA,3,link_morto,propagado
14933123,2014-10-25T21:22:55,S,NDA,3,terceiro,manual
14944003,2014-10-25T21:06:57,S,ED,2,,propagado
12649827,2014-10-23T13:43:24,N,EA,2,manchete,propagado
12768004,2014-10-23T08:24:27,N,NDA,3,manchete,propagado
14910553,2014-10-25T21:58:49,S,NDA,3,manchete,propagado
14695366,2014-10-24T10:49:49,S,EA,3,,propagado
10619549,2014-10-20T20:56:39,N,NDA,3,,propagado
11710880,2014-10-21T11:04:30,S,NDA,3,,propagado
12498425,2014-10-23T19:31:52,S,NDA,3,,propagado
15216415,2014-10-25T12:49:44,S,NDA,3,,manual
12737808,2014-10-23T10:02:47,S,EA,3,,manual
11594172,2014-10-21T15:51:59,S,NDA,3,manchete,propagado
9910076,2014-10-19T23:51:28,S,ED,3,rt_ironico,manual
14424439,2014-10-24T20:04:44,S,EA,2,manchete,propagado
14309303,2014-10-24T22:20:38,S,ED,2,,manual
12666702,2014-10-23T13:05:19,S,NDA,2,,manual
11863640,2014-10-22T23:46:30,S,NDA,3,,manual
12221585,2014-10-22T09:21:54,S,NDA,3,,propagado
10063909,2014-10-19T23:00:48,S,NDA,3,,manual
13912553,2014-10-24T23:28:44,S,ED,2,,manual
11449905,2014-10-21T21:26:43,S,NDA,3,,manual
11364229,2014-10-22T00:28:16,S,NDA,3,manchete,propagado
10666827,2014-10-20T19:15:11,N,NDA,3,,propagado
14990820,2014-10-25T19:58:48,N,NDA,3,,propagado
15262736,2014-10-25T11:14:12,S,ED,3,,manual
11662374,2014-10-21T12:59:38,S,NDA,3,,propagado
12263570,2014-10-22T06:09:03,S,NDA,3,manchete,propagado
15106328,2014-10-25T16:24:45,S,NDA,1,,manual
10103105,2014-10-19T22:49:15,S,NDA,3,,manual
10658935,2014-10-20T19:39:09,S,NDA,3,,propagado
10512735,2014-10-21T00:42:40,S,ED,2,manchete,propagado
14308076,2014-10-24T22:20:53,S,EA,3,,manual
10031978,2014-10-19T23:11:28,S,EA,2,,propagado
12470556,2014-10-23T20:30:32,S,NDA,3,manchete,propagado
12458633,2014-10-23T20:49:37,S,NDA,3,,propagado
12198923,2014-10-22T10:31:18,S,EA,2,link_morto,propagado
14667032,2014-10-24T11:53:01,S,NDA,3,,manual
14979847,2014-10-25T20:15:59,S,NDA,3,,propagado
10482496,2014-10-19T02:47:43,S,ED,3,,manual
12773889,2014-10-23T08:01:20,N,EA,2,manchete,propagado
10687357,2014-10-20T18:11:31,S,NDA,3,manchete,propagado
10220347,2014-10-19T20:51:48,S,EA,3,,manual
14461230,2014-10-24T18:50:37,S,ED,2,manchete,propagado
12180444,2014-10-22T11:24:08,S,NDA,3,,propagado
14517624,2014-10-24T16:46:19,S,EA,2,,propagado
12422644,2014-10-23T21:56:33,S,ED,1,idioma,propagado
14871097,2014-10-25T23:03:50,S,EA,2,link_morto,propagado
10344106,2014-10-19T14:24:04,N,NDA,3,,manual
14758365,2014-10-24T07:58:12,S,NDA,3,,propagado
14627650,2014-10-24T13:14:44,S,NDA,3,,manual
12020134,2014-10-22T18:22:51,S,EA,2,,manual
12062030,2014-10-22T16:33:54,S,ED,2,,propagado
15035253,2014-10-25T18:45:40,N,NDA,3,,propagado
10215471,2014-10-19T21:04:32,S,ED,2,,propagado
13714985,2014-10-25T00:56:08,S,NDA,3,manchete,propagado
15096422,2014-10-25T16:46:45,N,NDA,3,,manual
12554907,2014-10-23T17:33:35,S,EA,3,,propagado
14387313,2014-10-24T21:08:36,S,NDA,3,,manual
10213924,2014-10-19T21:08:43,S,EA,2,,manual
12352113,2014-10-23T23:49:57,N,NDA,3,,propagado
13926658,2014-10-24T23:26:33,N,EA,2,,manual
9951873,2014-10-19T23:37:24,S,EA,3,,manual
11981453,2014-10-22T19:47:13,S,NDA,3,,propagado
14883650,2014-10-25T22:42:44,S,EA,2,,propagado
12625094,2014-10-23T14:44:16,S,NDA,3,,manual
11980396,2014-10-22T19:49:35,S,NDA,3,,propagado
14514144,2014-10-24T16:53:58,S,EA,2,idioma,manual
11467876,2014-10-21T20:50:53,S,NDA,3,,propagado
14894731,2014-10-25T22:24:17,S,ED,2,,propagado
15035991,2014-10-25T18:44:43,S,NDA,3,manchete,propagado
14506553,2014-10-24T17:09:58,S,NDA,3,terceiro,manual
10361756,2014-10-19T13:28:58,S,ED,2,,manual
10184558,2014-10-19T22:13:34,S,NDA,3,,propagado
15012835,2014-10-25T19:22:24,S,EA,3,idioma,manual
14646689,2014-10-24T12:37:12,N,NDA,3,manchete,propagado
12530459,2014-10-23T18:21:37,S,EA,2,,manual
14396873,2014-10-24T20:54:09,S,ED,2,,manual
15278748,2014-10-25T10:37:38,S,NDA,3,manchete,propagado
15032885,2014-10-25T18:49:01,N,NDA,3,,manual
11836048,2014-10-23T00:56:42,S,NDA,3,manchete,propagado
10263349,2014-10-19T18:52:58,N,NDA,3,,manual
14172785,2014-10-24T22:43:40,S,ED,2,,manual
10533965,2014-10-20T23:50:45,S,ED,2,manchete,propagado
11553763,2014-10-21T17:35:57,S,NDA,1,link_morto,manual
14516633,2014-10-24T16:48:27,N,EA,2,manchete,propagado
10793478,2014-10-20T12:39:38,S,NDA,3,manchete,manual
15314442,2014-10-25T08:49:38,S,NDA,3,idioma,manual
14754037,2014-10-24T08:13:06,S,NDA,3,manchete,propagado
12363097,2014-10-23T23:31:27,S,EA,2,manchete,propagado
14577103,2014-10-24T14:40:47,S,EA,3,,manual
14520770,2014-10-24T16:39:28,S,NDA,3,,propagado
10626271,2014-10-20T20:45:01,S,NDA,3,,propagado
14693374,2014-10-24T10:54:28,S,EA,2,,manual
11506337,2014-10-21T19:35:07,N,NDA,3,,manual
10193141,2014-10-19T21:59:17,S,ED,2,,propagado
15043696,2014-10-25T18:34:46,N,NDA,3,,propagado
10714064,2014-10-20T16:40:36,S,NDA,3,,manual
12174312,2014-10-22T11:40:03,S,NDA,1,,manual
15025804,2014-10-25T19:00:30,N,NDA,3,,propagado
13909091,2014-10-24T23:29:19,S,EA,2,,propagado
14142675,2014-10-24T22:49:38,S,ED,2,,propagado
11979983,2014-10-22T19:50:27,S,NDA,3,,propagado
12421103,2014-10-23T21:59:26,S,EA,2,manchete,propagado
12089419,2014-10-22T15:21:44,S,NDA,3,manchete,propagado
11861907,2014-10-22T23:50:36,S,NDA,3,manchete,manual
12258572,2014-10-22T06:43:12,S,NDA,3,manchete,propagado
15220193,2014-10-25T12:42:41,S,NDA,3,,propagado
15405512,2014-10-25T01:24:08,S,ED,3,,manual
11965313,2014-10-22T20:22:16,N,NDA,3,,manual
12248933,2014-10-22T07:37:22,S,NDA,3,manchete,propagado
14145652,2014-10-24T22:49:05,S,ED,3,,manual
10763031,2014-10-20T14:06:52,S,ED,3,,propagado
14532411,2014-10-24T16:14:09,S,EA,2,,propagado
10053843,2014-10-19T23:04:13,S,NDA,3,terceiro,manual
14829209,2014-10-24T01:27:56,S,EA,3,,propagado
10057374,2014-10-19T23:03:03,S,EA,2,manchete,propagado
14142155,2014-10-24T22:49:45,S,EA,3,,propagado
15018266,2014-10-25T19:13:09,N,NDA,3,,manual
14546124,2014-10-24T15:45:02,N,NDA,3,manchete,propagado
15410655,2014-10-25T01:15:33,S,ED,2,manchete,manual
12755475,2014-10-23T09:08:14,N,ED,2,manchete,propagado
12746539,2014-10-23T09:36:46,S,EA,3,,manual
11660339,2014-10-21T13:04:15,N,NDA,3,,manual
11532114,2014-10-21T18:32:13,S,NDA,3,,manual
12569478,2014-10-23T17:08:39,S,NDA,3,,manual
13977623,2014-10-24T23:18:02,S,NDA,3,idioma,manual
14909199,2014-10-25T22:00:53,S,ED,2,link_morto,manual
12155350,2014-10-22T12:29:18,S,EA,2,link_morto,manual
15008204,2014-10-25T19:30:09,S,NDA,3,,propagado
13738269,2014-10-25T00:33:09,S,NDA,3,,manual
15018970,2014-10-25T19:11:57,N,NDA,3,,manual
12636467,2014-10-23T14:16:02,S,EA,3,,propagado
15281868,2014-10-25T10:30:09,S,NDA,3,,manual
14091119,2014-10-24T22:58:00,S,NDA,3,terceiro,manual
13887178,2014-10-24T23:33:03,S,EA,1,,propagado
10516653,2014-10-21T00:32:11,S,NDA,3,,manual
14416398,2014-10-24T20:21:31,S,NDA,3,,propagado
14949691,2014-10-25T20:59:52,N,NDA,3,,propagado
10255698,2014-10-19T19:17:26,N,NDA,3,,propagado
15406871,2014-10-25T01:21:46,S,EA,2,,propagado
12537116,2014-10-23T18:08:24,S,NDA,3,link_morto,manual
13836597,2014-10-24T23:43:12,S,NDA,3,,manual
10518693,2014-10-21T00:26:55,N,NDA,3,,manual
15236361,2014-10-25T12:09:20,S,NDA,3,,manual
10263633,2014-10-19T18:52:05,S,ED,2,,manual
15414333,2014-10-25T01:10:12,S,EA,2,,propagado
11576251,2014-10-21T16:38:35,S,NDA,2,,manual
10858009,2014-10-20T09:08:30,S,ED,2,manchete,propagado
10314307,2014-10-19T16:07:09,S,NDA,3,manchete,propagado
12743023,2014-10-23T09:47:30,N,EA,2,manchete,propagado
14396647,2014-10-24T20:54:31,S,ED,2,,manual
12435859,2014-10-23T21:32:25,S,EA,2,manchete,propagado
14218846,2014-10-24T22:35:09,S,EA,2,,propagado
14480871,2014-10-24T18:08:02,S,NDA,3,manchete,propagado
14332667,2014-10-24T22:15:42,S,EA,2,,manual
10917101,2014-10-20T02:41:10,S,NDA,3,,propagado
12193896,2014-10-22T10:46:16,S,NDA,2,link_morto,propagado
11712472,2014-10-21T11:00:33,S,ED,2,,manual
13765580,2014-10-25T00:15:03,S,NDA,3,manchete,propagado
9866964,2014-10-20T00:10:20,N,NDA,3,,manual
14031309,2014-10-24T23:09:10,S,EA,2,,propagado
15326766,2014-10-25T08:01:00,S,NDA,3,manchete,propagado
15203433,2014-10-25T13:16:10,S,NDA,3,,manual
10005378,2014-10-19T23:19:17,S,EA,2,link_morto,manual
12255631,2014-10-22T07:01:12,S,NDA,3,manchete,propagado
14947266,2014-10-25T21:02:48,N,NDA,3,,propagado
11645988,2014-10-21T13:36:01,N,NDA,3,,manual
11471362,2014-10-21T20:45:22,S,EA,2,,manual
10708081,2014-10-20T16:59:33,N,ED,2,,propagado
12505616,2014-10-23T19:16:17,S,EA,3,,manual
14975878,2014-10-25T20:22:09,N,NDA,3,,propagado
14533798,2014-10-24T16:11:09,N,EA,2,manchete,propagado
12224405,2014-10-22T09:12:38,N,NDA,3,idioma,propagado
15022833,2014-10-25T19:05:21,N,NDA,3,,manual
10798651,2014-10-20T12:24:19,N,NDA,3,,manual
12626218,2014-10-23T14:41:27,S,NDA,3,,manual
10229747,2014-10-19T20:30:39,S,NDA,3,,propagado
14131350,2014-10-24T22:51:46,S,NDA,2,idioma,manual
13778941,2014-10-25T00:09:06,S,NDA,2,,manual
11675730,2014-10-21T12:27:15,S,NDA,2,,manual
14433612,2014-10-24T19:46:16,S,EA,2,manchete,manual
12154657,2014-10-22T12:31:00,S,EA,2,,manual
12329541,2014-10-24T00:31:40,S,EA,3,,propagado
14953459,2014-10-25T20:54:48,N,NDA,3,,propagado
10607642,2014-10-20T21:19:53,S,NDA,3,manchete,propagado
14504238,2014-10-24T17:14:58,S,NDA,3,manchete,propagado
13828949,2014-10-24T23:44:38,S,ED,1,,manual
14028078,2014-10-24T23:09:43,N,EA,2,,propagado
11514217,2014-10-21T19:16:57,S,NDA,3,,propagado
12362390,2014-10-23T23:32:40,S,NDA,1,,manual
12013521,2014-10-22T18:37:59,S,NDA,3,,propagado
12381880,2014-10-23T23:00:31,S,EA,2,,manual
14635351,2014-10-24T13:01:34,N,NDA,3,manchete,propagado
14607124,2014-10-24T13:46:42,N,NDA,3,manchete,propagado
10142500,2014-10-19T22:36:02,S,NDA,1,link_morto,propagado
14681993,2014-10-24T11:19:32,S,EA,2,,manual
14644359,2014-10-24T12:42:08,N,NDA,3,,manual
15048752,2014-10-25T18:26:47,S,NDA,3,manchete,propagado
12458969,2014-10-23T20:49:05,S,EA,2,manchete,propagado
10751688,2014-10-20T14:41:29,S,ED,2,rt_ironico,manual
12027861,2014-10-22T18:04:10,S,NDA,3,,propagado
14587775,2014-10-24T14:20:55,S,NDA,3,,manual
10889854,2014-10-20T06:22:54,S,NDA,3,manchete,propagado
9975496,2014-10-19T23:28:40,S,NDA,3,,manual
14852384,2014-10-25T23:36:36,S,EA,3,link_morto,propagado
10238273,2014-10-19T20:06:02,S,EA,2,,manual
11506236,2014-10-21T19:35:24,N,NDA,3,,manual
11760399,2014-10-21T08:21:48,S,ED,3,,propagado
11788395,2014-10-21T05:35:18,S,NDA,3,,propagado
15012530,2014-10-25T19:22:55,S,NDA,1,link_morto,manual
14936246,2014-10-25T21:18:07,S,NDA,3,,propagado
12631943,2014-10-23T14:27:18,S,EA,3,,propagado
12047672,2014-10-22T17:11:10,S,NDA,3,manchete,propagado
11941974,2014-10-22T21:04:22,S,NDA,3,,manual
14748401,2014-10-24T08:32:49,S,ED,2,,manual
14455410,2014-10-24T19:02:27,S,EA,2,idioma,manual
10260603,2014-10-19T19:01:23,N,NDA,3,,propagado
12608505,2014-10-23T15:25:58,S,EA,3,,propagado
12092549,2014-10-22T15:12:57,S,NDA,3,manchete,propagado
12238764,2014-10-22T08:22:47,S,NDA,3,manchete,propagado
10423362,2014-10-19T10:11:21,S,NDA,2,manchete,manual
12094536,2014-10-22T15:07:51,N,ED,2,,manual
14858848,2014-10-25T23:25:01,N,NDA,3,,propagado
15076887,2014-10-25T17:25:43,S,NDA,3,manchete,propagado
10804259,2014-10-20T12:08:10,S,NDA,3,manchete,manual
14008063,2014-10-24T23:13:05,S,NDA,3,,manual
10579302,2014-10-20T22:18:24,S,EA,2,,manual
10226060,2014-10-19T20:39:29,S,NDA,3,,manual
12384177,2014-10-23T22:56:54,N,NDA,3,,manual
14973483,2014-10-25T20:25:36,S,EA,3,link_morto,propagado
10115670,2014-10-19T22:45:15,S,NDA,3,,manual
13843267,2014-10-24T23:41:54,S,NDA,3,,manual
10303360,2014-10-19T16:45:54,S,NDA,3,manchete,propagado
10804610,2014-10-20T12:07:05,N,NDA,3,,manual
15045529,2014-10-25T18:32:26,S,NDA,3,,propagado
14896859,2014-10-25T22:20:33,S,ED,2,,manual
10794230,2014-10-20T12:37:27,N,EA,2,,manual
12474877,2014-10-23T20:22:26,S,NDA,3,,manual
11534435,2014-10-21T18:26:35,S,EA,2,link_morto,manual
12160523,2014-10-22T12:16:09,N,ED,2,manchete,propagado
10183853,2014-10-19T22:14:40,S,NDA,3,,manual
11993025,2014-10-22T19:22:38,S,EA,2,,manual
12622995,2014-10-23T14:49:31,S,EA,2,manchete,propagado
12359551,2014-10-23T23:37:34,S,NDA,3,idioma,manual
13788423,2014-10-25T00:05:21,S,EA,2,,propagado
11768392,2014-10-21T07:46:35,S,NDA,3,,manual
15310708,2014-10-25T09:01:54,S,NDA,3,,manual
14651709,2014-10-24T12:26:45,S,NDA,3,,propagado
10211500,2014-10-19T21:15:31,S,NDA,3,manchete,propagado
14905054,2014-10-25T22:07:12,S,ED,3,,propagado
13879319,2014-10-24T23:34:32,S,EA,1,,propagado
14134533,2014-10-24T22:51:11,S,NDA,3,,manual
14990327,2014-10-25T19:59:42,N,NDA,3,,propagado
10010210,2014-10-19T23:17:49,S,EA,2,rt_ironico,manual
10914842,2014-10-20T02:53:56,S,ED,2,idioma,manual
12363826,2014-10-23T23:30:06,N,NDA,3,,manual
12342708,2014-10-24T00:06:22,S,EA,3,,manual
12429405,2014-10-23T21:45:03,S,EA,2,idioma,manual
10245098,2014-10-19T19:47:59,N,NDA,3,,propagado
15060199,2014-10-25T18:01:48,S,EA,3,,manual
11493473,2014-10-21T20:03:26,S,EA,2,,propagado
14897334,2014-10-25T22:19:45,S,NDA,3,manchete,propagado
10682349,2014-10-20T18:27:25,S,NDA,3,manchete,propagado
15242621,2014-10-25T11:56:19,S,NDA,3,,propagado
11508553,2014-10-21T19:30:00,S,ED,2,,propagado
9884256,2014-10-20T00:01:02,S,NDA,3,,propagado
11597285,2014-10-21T15:43:37,S,NDA,2,,manual
12182969,2014-10-22T11:17:28,S,EA,3,,manual
14342385,2014-10-24T22:12:46,S,NDA,3,,manual
15013872,2014-10-25T19:20:38,S,NDA,3,,propagado
15015774,2014-10-25T19:17:19,S,NDA,3,,propagado
10782920,2014-10-20T13:08:47,S,NDA,3,link_morto,manual
10255859,2014-10-19T19:16:53,S,NDA,3,,manual
11412574,2014-10-21T22:42:33,S,EA,2,,manual
10215229,2014-10-19T21:05:08,S,NDA,3,manchete,propagado
14313061,2014-10-24T22:19:54,S,NDA,3,,manual
10649233,2014-10-20T20:05:43,S,NDA,3,manchete,propagado
12511929,2014-10-23T19:01:08,S,NDA,3,link_morto,propagado
11489025,2014-10-21T20:13:01,N,NDA,3,,propagado
10812883,2014-10-20T11:42:39,S,NDA,3,,propagado
10070030,2014-10-19T22:58:55,S,NDA,3,,propagado
11893012,2014-10-22T22:45:24,S,NDA,3,terceiro,manual
13894125,2014-10-24T23:31:46,S,EA,1,,propagado
14439638,2014-10-24T19:34:19,S,NDA,3,,propagado
14976669,2014-10-25T20:20:58,S,NDA,3,,propagado
14702122,2014-10-24T10:33:41,S,NDA,3,manchete,propagado
10108988,2014-10-19T22:47:26,S,ED,3,,manual
15204532,2014-10-25T13:13:54,S,NDA,3,,manual
15163782,2014-10-25T14:32:44,N,NDA,3,,manual
10628140,2014-10-20T20:41:58,S,NDA,3,,manual
15076546,2014-10-25T17:26:25,S,ED,3,,propagado
13832772,2014-10-24T23:43:55,S,NDA,3,link_morto,manual
12506533,2014-10-23T19:14:20,S,NDA,3,,propagado
10841689,2014-10-20T10:07:03,S,NDA,3,,manual
14509406,2014-10-24T17:03:57,S,NDA,3,,manual
10042571,2014-10-19T23:08:10,S,EA,2,,manual
15043504,2014-10-25T18:34:59,N,NDA,3,,propagado
14585234,2014-10-24T14:25:17,S,ED,2,,manual
15122542,2014-10-25T15:51:20,S,EA,3,link_morto,propagado
12216115,2014-10-22T09:39:42,S,ED,2,,propagado
15214543,2014-10-25T12:53:06,S,NDA,3,,manual
11754553,2014-10-21T08:45:21,S,NDA,3,,manual
10656205,2014-10-20T19:47:18,S,NDA,3,manchete,propagado
12242212,2014-10-22T08:07:15,S,NDA,3,manchete,propagado
10265959,2014-10-19T18:45:22,S,EA,2,,manual
10704361,2014-10-20T17:10:49,S,ED,2,,manual
12643031,2014-10-23T13:59:50,S,EA,3,,propagado
11838490,2014-10-23T00:49:25,S,ED,3,,propagado
11895027,2014-10-22T22:41:26,S,ED,2,,manual
12537008,2014-10-23T18:08:37,S,NDA,3,,manual
15025396,2014-10-25T19:01:11,N,NDA,3,,propagado
10440168,2014-10-19T08:47:14,S,EA,2,,manual
12635529,2014-10-23T14:18:27,S,EA,2,link_morto,manual
11649793,2014-10-21T13:26:53,N,EA,3,,manual
11764043,2014-10-21T08:05:40,S,EA,3,,manual
12555683,2014-10-23T17:32:12,S,ED,2,,propagado
10001596,2014-10-19T23:20:29,N,NDA,3,manchete,propagado
12609206,2014-10-23T15:23:59,S,NDA,3,,manual
10682693,2014-10-20T18:26:18,N,NDA,3,,manual
14542370,2014-10-24T15:53:18,S,EA,2,,manual
11540258,2014-10-21T18:11:36,S,NDA,3,,manual
12344557,2014-10-24T00:03:01,N,ED,2,,propagado
14322585,2014-10-24T22:17:53,S,NDA,1,,manual
12598856,2014-10-23T15:52:25,S,EA,3,,propagado
10710404,2014-10-20T16:52:20,S,NDA,3,,propagado
10570419,2014-10-20T22:34:49,S,NDA,3,manchete,propagado
10592882,2014-10-20T21:51:35,N,NDA,3,,propagado
12453191,2014-10-23T20:59:20,S,EA,2,manchete,propagado
15034734,2014-10-25T18:46:23,N,NDA,3,,propagado
12478418,2014-10-23T20:15:45,S,NDA,3,,propagado
10851576,2014-10-20T09:31:39,S,ED,2,manchete,propagado
12044330,2014-10-22T17:20:44,?,NDA,3,,manual
11625687,2014-10-21T14:28:21,S,NDA,2,link_morto,manual
14759875,2014-10-24T07:52:11,S,EA,3,,manual
11690234,2014-10-21T11:52:26,S,NDA,3,,manual
15062204,2014-10-25T17:57:35,S,NDA,3,,propagado
10855147,2014-10-20T09:18:51,N,NDA,2,manchete,manual
11762376,2014-10-21T08:13:08,S,NDA,3,,propagado
11547715,2014-10-21T17:51:08,?,NDA,2,,manual
10529868,2014-10-20T23:59:17,S,NDA,3,manchete,propagado
14750553,2014-10-24T08:25:20,S,EA,3,,propagado
12405601,2014-10-23T22:24:30,S,NDA,3,,propagado
11731503,2014-10-21T10:05:51,S,NDA,3,manchete,propagado
14357204,2014-10-24T21:56:30,S,ED,3,manchete,propagado
12045585,2014-10-22T17:17:07,S,NDA,3,manchete,propagado
12525924,2014-10-23T18:31:54,S,NDA,2,link_morto,propagado
14855698,2014-10-25T23:30:39,S,NDA,3,,manual
10417069,2014-10-19T10:36:25,S,EA,2,,propagado
14315239,2014-10-24T22:19:30,S,EA,2,,propagado
14099341,2014-10-24T22:56:55,S,EA,3,,manual
14160944,2014-10-24T22:46:13,S,NDA,3,,manual
11682555,2014-10-21T12:11:00,S,EA,3,,manual
11476443,2014-10-21T20:36:52,S,EA,2,,propagado
11782622,2014-10-21T06:25:25,S,NDA,3,,propagado
14198079,2014-10-24T22:38:26,N,NDA,3,,manual
12646343,2014-10-23T13:51:42,S,EA,3,,propagado
12551922,2014-10-23T17:38:55,S,ED,2,manchete,propagado
14572110,2014-10-24T14:50:38,S,ED,2,manchete,propagado
12011803,2014-10-22T18:41:50,S,EA,2,,manual
12637983,2014-10-23T14:12:04,S,EA,3,,manual
11766117,2014-10-21T07:57:03,S,NDA,3,,propagado
10603841,2014-10-20T21:28:04,S,EA,2,,manual
14552709,2014-10-24T15:30:59,S,NDA,3,manchete,propagado
11681849,2014-10-21T12:12:39,S,NDA,3,,manual
12499697,2014-10-23T19:29:11,S,NDA,3,,propagado
15115448,2014-10-25T16:05:44,S,EA,3,link_morto,propagado
12449672,2014-10-23T21:05:40,S,EA,3,,manual
12591684,2014-10-23T16:11:32,S,EA,2,link_morto,manual
14295645,2014-10-24T22:23:02,S,EA,3,,manual
12781922,2014-10-23T07:23:38,S,NDA,3,manchete,propagado
12578214,2014-10-23T16:48:27,S,EA,3,,propagado
11628102,2014-10-21T14:21:19,N,NDA,3,,manual
14765597,2014-10-24T07:30:00,S,NDA,3,,manual
14364752,2014-10-24T21:45:52,S,EA,3,,manual
14036054,2014-10-24T23:08:15,N,ED,2,,propagado
12580791,2014-10-23T16:41:29,S,EA,3,,propagado
12534481,2014-10-23T18:13:36,N,NDA,3,,manual
15119946,2014-10-25T15:56:39,S,NDA,3,manchete,manual
11827470,2014-10-21T01:25:20,S,EA,2,,manual
10396378,2014-10-19T11:47:09,S,EA,2,link_morto,manual
14820716,2014-10-24T01:55:07,S,EA,3,,propagado
11662613,2014-10-21T12:58:56,S,NDA,3,manchete,manual
10347203,2014-10-19T14:14:47,S,NDA,3,manchete,propagado
14641383,2014-10-24T12:48:42,S,NDA,2,,manual
14376127,2014-10-24T21:27:30,S,ED,2,,manual
10241272,2014-10-19T19:58:27,S,EA,2,,manual
13893067,2014-10-24T23:31:58,S,EA,2,,manual
12358872,2014-10-23T23:38:40,S,NDA,2,,manual
10179287,2014-10-19T22:19:03,N,NDA,3,,propagado
10083449,2014-10-19T22:54:51,S,EA,2,manchete,propagado
14568562,2014-10-24T14:57:56,S,EA,1,,manual
14721326,2014-10-24T09:48:50,N,NDA,3,manchete,manual
10573268,2014-10-20T22:29:29,S,EA,2,rt_ironico,propagado
12503937,2014-10-23T19:20:08,N,EA,3,,manual
12441047,2014-10-23T21:22:07,S,NDA,3,,propagado
14096680,2014-10-24T22:57:15,S,EA,3,,manual
10635962,2014-10-20T20:28:39,S,NDA,3,manchete,propagado
10611067,2014-10-20T21:12:57,S,NDA,3,,propagado
14937406,2014-10-25T21:16:18,N,NDA,3,manchete,propagado
14543063,2014-10-24T15:51:51,S,EA,2,manchete,propagado
15117783,2014-10-25T16:01:23,S,EA,3,link_morto,propagado
10649304,2014-10-20T20:05:37,S,NDA,3,,manual
12327481,2014-10-24T00:35:46,S,EA,3,,propagado
15203145,2014-10-25T13:16:43,S,NDA,3,,propagado
14808699,2014-10-24T02:47:38,N,NDA,3,manchete,manual
12612048,2014-10-23T15:16:43,S,NDA,3,link_morto,manual
13795271,2014-10-25T00:02:50,S,EA,2,,propagado
11688672,2014-10-21T11:56:19,S,EA,2,rt_ironico,manual
15048195,2014-10-25T18:27:52,S,NDA,3,manchete,manual
13924500,2014-10-24T23:26:52,S,NDA,2,,manual
14725064,2014-10-24T09:39:47,S,ED,3,,manual
9845700,2014-10-20T00:30:09,S,EA,2,,manual
11779257,2014-10-21T06:49:26,S,NDA,3,,propagado
11751116,2014-10-21T08:59:14,S,EA,2,,manual
10208238,2014-10-19T21:23:45,N,NDA,3,manchete,manual
15136649,2014-10-25T15:23:03,S,NDA,3,,propagado
15098842,2014-10-25T16:41:37,S,EA,3,link_morto,propagado
14346014,2014-10-24T22:10:16,N,NDA,3,,manual
12526461,2014-10-23T18:30:44,S,NDA,3,manchete,propagado
13798113,2014-10-25T00:01:37,S,EA,2,,propagado
10602034,2014-10-20T21:31:47,S,NDA,3,,propagado
10049744,2014-10-19T23:05:36,S,NDA,3,,manual
12502838,2014-10-23T19:22:22,S,NDA,3,,propagado
10846145,2014-10-20T09:51:20,N,NDA,3,manchete,manual
14966707,2014-10-25T20:35:56,N,NDA,3,manchete,propagado
12722618,2014-10-23T10:44:31,S,NDA,3,manchete,propagado
14509853,2014-10-24T17:03:03,N,NDA,3,link_morto,manual
14618247,2014-10-24T13:28:13,S,EA,2,,manual
12519910,2014-10-23T18:44:47,S,NDA,3,link_morto,propagado
12360676,2014-10-23T23:35:41,N,NDA,3,,propagado
12489929,2014-10-23T19:50:49,S,NDA,3,,propagado
10040608,2014-10-19T23:08:45,S,EA,2,manchete,propagado
11484836,2014-10-21T20:21:20,S,EA,2,,propagado
10237179,2014-10-19T20:09:06,N,EA,2,,propagado
10382569,2014-10-19T12:30:28,N,NDA,3,,propagado
12517624,2014-10-23T18:49:14,N,NDA,3,,propagado
15308341,2014-10-25T09:10:12,S,NDA,3,terceiro,manual
14811635,2014-10-24T02:32:16,S,EA,3,,manual
11588057,2014-10-21T16:07:51,N,NDA,3,,manual
14725926,2014-10-24T09:37:29,S,NDA,3,manchete,propagado
9884310,2014-10-20T00:01:01,S,NDA,3,,propagado
10793674,2014-10-20T12:39:02,N,ED,2,,manual
10049250,2014-10-19T23:05:46,S,ED,3,,manual
14885105,2014-10-25T22:40:21,S,ED,3,,manual
12391547,2014-10-23T22:45:44,S,ED,2,,manual
12640955,2014-10-23T14:04:58,S,EA,3,,propagado
14896020,2014-10-25T22:21:57,S,EA,2,,propagado
12521989,2014-10-23T18:40:02,S,NDA,3,,manual
12339634,2014-10-24T00:12:26,S,EA,3,,manual
14700760,2014-10-24T10:36:56,S,NDA,3,,propagado
14329699,2014-10-24T22:16:19,S,ED,2,,propagado
15357103,2014-10-25T04:18:15,S,EA,3,,propagado
12540131,2014-10-23T18:01:46,S,NDA,3,,propagado
14447927,2014-10-24T19:18:03,S,NDA,2,terceiro,manual
14938746,2014-10-25T21:14:11,S,EA,3,,manual
14762591,2014-10-24T07:42:20,S,NDA,3,manchete,propagado
11481921,2014-10-21T20:27:04,S,ED,2,,propagado
14928075,2014-10-25T21:30:32,S,NDA,3,,propagado
14569346,2014-10-24T14:56:20,S,EA,2,,manual
15107852,2014-10-25T16:21:13,S,EA,3,link_morto,propagado
12482901,2014-10-23T20:05:35,N,NDA,3,,manual
11897191,2014-10-22T22:37:19,S,NDA,3,,manual
11871450,2014-10-22T23:28:52,S,ED,2,,propagado
12499001,2014-10-23T19:30:32,S,NDA,3,manchete,propagado
15273154,2014-10-25T10:51:12,S,NDA,2,link_morto,propagado
15142707,2014-10-25T15:10:55,S,EA,2,,manual
14879745,2014-10-25T22:49:19,S,EA,2,link_morto,propagado
10331158,2014-10-19T15:07:19,S,NDA,1,idioma,manual
10685699,2014-10-20T18:16:52,S,NDA,3,,manual
14094034,2014-10-24T22:57:36,S,EA,2,,manual
14963763,2014-10-25T20:40:13,N,EA,2,,propagado
12079735,2014-10-22T15:48:09,S,ED,2,,propagado
11379968,2014-10-21T23:51:45,S,EA,3,idioma,propagado
14928570,2014-10-25T21:29:50,S,ED,2,,manual
15288936,2014-10-25T10:12:08,S,NDA,3,,manual
15121599,2014-10-25T15:53:12,S,EA,3,link_morto,propagado
15386596,2014-10-25T02:02:22,S,EA,1,link_morto,propagado
14031933,2014-10-24T23:09:03,S,NDA,2,,manual
11857267,2014-10-23T00:01:37,S,NDA,3,,propagado
10594709,2014-10-20T21:47:33,S,ED,2,,manual
10593998,2014-10-20T21:49:05,N,EA,2,link_morto,manual
12617225,2014-10-23T15:04:08,N,ED,2,rt_ironico,propagado
14580168,2014-10-24T14:34:49,S,NDA,3,,propagado
10736907,2014-10-20T15:26:56,S,NDA,3,manchete,manual
10453891,2014-10-19T07:03:00,S,NDA,3,manchete,manual
13905742,2014-10-24T23:29:50,S,ED,2,,manual
14884516,2014-10-25T22:41:17,S,NDA,1,link_morto,manual
12093234,2014-10-22T15:11:20,S,NDA,3,manchete,propagado
13723666,2014-10-25T00:46:43,S,NDA,3,,manual
14401098,2014-10-24T20:48:11,S,NDA,2,,manual
14504631,2014-10-24T17:14:06,S,NDA,1,,manual
14562746,2014-10-24T15:09:12,S,NDA,3,manchete,propagado
12233986,2014-10-22T08:40:24,S,ED,2,,propagado
15341493,2014-10-25T06:30:50,S,NDA,3,manchete,propagado
14939617,2014-10-25T21:12:55,S,NDA,3,,propagado
11940821,2014-10-22T21:06:59,S,NDA,3,,propagado
13735843,2014-10-25T00:35:21,S,EA,3,,manual
15189957,2014-10-25T13:43:28,S,ED,2,,manual
11789499,2014-10-21T05:24:37,S,NDA,3,,propagado
15012593,2014-10-25T19:22:49,S,NDA,3,,propagado
14836769,2014-10-24T01:06:24,S,NDA,3,,manual
12401375,2014-10-23T22:30:44,S,ED,1,idioma,propagado
10481927,2014-10-19T02:50:45,S,EA,3,,manual
14221005,2014-10-24T22:34:50,S,EA,2,,propagado
9852925,2014-10-20T00:22:13,S,NDA,3,,propagado
15005104,2014-10-25T19:35:25,S,NDA,3,,manual
11654979,2014-10-21T13:15:33,N,EA,2,,manual
12542304,2014-10-23T17:57:21,S,ED,2,,manual
12041529,2014-10-22T17:28:47,S,NDA,3,,propagado
12557898,2014-10-23T17:28:21,N,NDA,3,,propagado
14177353,2014-10-24T22:42:22,S,NDA,3,,manual
12509192,2014-10-23T19:07:40,S,NDA,3,link_morto,propagado
12499321,2014-10-23T19:29:57,S,NDA,3,,propagado
9942097,2014-10-19T23:40:38,S,NDA,3,idioma,manual
10362170,2014-10-19T13:27:43,S,ED,2,,manual
15033432,2014-10-25T18:48:12,S,NDA,3,,propagado
14057453,2014-10-24T23:03:50,S,EA,1,link_morto,propagado
12682428,2014-10-23T12:27:53,S,NDA,3,manchete,manual
12404853,2014-10-23T22:25:39,S,NDA,3,,propagado
10159378,2014-10-19T22:29:29,S,ED,2,,manual
14984284,2014-10-25T20:09:01,S,NDA,3,manchete,manual
14909568,2014-10-25T22:00:21,S,EA,2,,propagado
12642840,2014-10-23T14:00:10,S,EA,2,manchete,propagado
12025519,2014-10-22T18:09:37,S,ED,2,,propagado
15352834,2014-10-25T04:51:40,S,EA,2,rt_ironico,propagado
10254838,2014-10-19T19:20:07,N,NDA,3,,propagado
15118190,2014-10-25T16:00:32,S,EA,3,link_morto,propagado
10687280,2014-10-20T18:11:47,S,NDA,3,manchete,propagado
10258892,2014-10-19T19:06:50,N,NDA,3,,propagado
12775037,2014-10-23T07:56:10,N,NDA,3,,manual
15060372,2014-10-25T18:01:26,S,ED,2,,manual
10211223,2014-10-19T21:16:12,S,NDA,3,manchete,manual
14387258,2014-10-24T21:08:42,S,ED,1,,manual
12653580,2014-10-23T13:35:50,S,EA,3,,manual
14530799,2014-10-24T16:17:36,N,EA,2,manchete,propagado
12783418,2014-10-23T07:15:21,S,NDA,3,manchete,propagado
10625308,2014-10-20T20:46:35,S,EA,3,,manual
14447452,2014-10-24T19:19:05,S,EA,2,manchete,propagado
11530368,2014-10-21T18:36:52,S,EA,3,,manual
14757040,2014-10-24T08:02:37,N,NDA,3,,manual
10380871,2014-10-19T12:35:13,S,EA,3,,manual
10635666,2014-10-20T20:29:11,S,NDA,3,manchete,propagado
12565078,2014-10-23T17:15:52,N,NDA,3,,manual
15344287,2014-10-25T06:08:29,N,ED,2,,manual
11569820,2014-10-21T16:55:44,S,NDA,3,,manual
10340040,2014-10-19T14:37:48,S,ED,2,link_morto,manual
12014895,2014-10-22T18:34:49,S,EA,3,,manual
14937907,2014-10-25T21:15:29,N,NDA,3,,propagado
12534564,2014-10-23T18:13:25,S,NDA,3,manchete,propagado
12113987,2014-10-22T14:14:57,S,NDA,3,,manual
14596399,2014-10-24T14:05:33,S,NDA,3,,propagado
12043565,2014-10-22T17:22:58,S,NDA,2,,manual
15041035,2014-10-25T18:37:55,S,NDA,3,manchete,propagado
15037840,2014-10-25T18:42:04,S,EA,3,link_morto,propagado
10763807,2014-10-20T14:04:28,S,NDA,3,,manual
10208062,2014-10-19T21:24:10,S,ED,2,,propagado
12445941,2014-10-23T21:12:26,S,NDA,3,,propagado
10602183,2014-10-20T21:31:29,S,NDA,3,manchete,propagado
10553907,2014-10-20T23:09:02,N,NDA,3,manchete,propagado
10536807,2014-10-20T23:45:10,S,NDA,3,,propagado
11544541,2014-10-21T18:00:16,N,NDA,3,,manual
9840888,2014-10-20T00:36:31,S,EA,2,link_morto,manual
13765696,2014-10-25T00:14:59,S,EA,2,,propagado
13713500,2014-10-25T00:57:50,S,EA,2,rt_ironico,propagado
12598224,2014-10-23T15:54:10,S,EA,3,,propagado
14568478,2014-10-24T14:58:05,N,NDA,3,manchete,propagado
11782595,2014-10-21T06:25:36,S,NDA,3,,propagado
14706675,2014-10-24T10:23:58,S,EA,2,,propagado
10649373,2014-10-20T20:05:31,N,NDA,3,,propagado
10257343,2014-10-19T19:12:11,N,NDA,3,,manual
14900985,2014-10-25T22:13:53,S,EA,2,,propagado
10383722,2014-10-19T12:27:04,S,EA,3,,manual
12201050,2014-10-22T10:24:47,S,NDA,3,manchete,manual
10214331,2014-10-19T21:07:38,S,NDA,2,,manual
13752389,2014-10-25T00:22:02,S,NDA,3,manchete,propagado
11581406,2014-10-21T16:25:43,S,EA,2,,manual
11498905,2014-10-21T19:52:02,S,EA,2,,propagado
11760146,2014-10-21T08:22:58,S,NDA,3,,propagado
12012274,2014-10-22T18:40:45,S,EA,2,link_morto,manual
10686164,2014-10-20T18:15:15,S,NDA,3,manchete,propagado
14682205,2014-10-24T11:19:06,S,NDA,3,manchete,propagado
14142118,2014-10-24T22:49:45,S,NDA,3,idioma,manual
15288698,2014-10-25T10:12:49,S,NDA,3,,manual
10826573,2014-10-20T11:00:16,N,NDA,3,,propagado
10007594,2014-10-19T23:18:37,S,ED,3,,manual
12595979,2014-10-23T16:00:28,S,NDA,3,manchete,propagado
12450937,2014-10-23T21:03:21,S,EA,3,,propagado
14943326,2014-10-25T21:07:47,N,NDA,3,,propagado
14628753,2014-10-24T13:13:13,S,EA,3,,propagado
14755421,2014-10-24T08:08:07,S,NDA,3,,manual
11760199,2014-10-21T08:22:48,S,NDA,3,,propagado
14855071,2014-10-25T23:31:48,S,ED,3,,manual
14558003,2014-10-24T15:19:45,S,EA,2,,manual
10211536,2014-10-19T21:15:26,S,NDA,3,manchete,propagado
12347556,2014-10-23T23:57:57,N,NDA,3,,manual
10209568,2014-10-19T21:20:24,S,ED,2,,propagado
15115829,2014-10-25T16:05:01,S,NDA,3,,propagado
14885839,2014-10-25T22:39:10,S,ED,2,manchete,manual
12651248,2014-10-23T13:40:35,S,EA,3,,propagado
14191150,2014-10-24T22:39:39,S,EA,3,,propagado
12520344,2014-10-23T18:43:40,S,ED,2,,propagado
12590677,2014-10-23T16:14:28,S,NDA,3,,propagado
15287824,2014-10-25T10:15:14,N,NDA,3,,manual
13792180,2014-10-25T00:04:01,S,NDA,3,,manual
14191235,2014-10-24T22:39:38,S,EA,2,,manual
11410842,2014-10-21T22:46:09,S,EA,2,,manual
15089132,2014-10-25T17:01:47,S,NDA,3,manchete,propagado
13856447,2014-10-24T23:39:18,S,NDA,3,,manual
12235733,2014-10-22T08:34:26,S,NDA,3,,manual
14858339,2014-10-25T23:25:56,S,ED,2,,manual
12196512,2014-10-22T10:38:23,S,NDA,3,,propagado
12422299,2014-10-23T21:57:09,S,EA,3,,manual
12518815,2014-10-23T18:46:57,?,NDA,1,,manual
12518523,2014-10-23T18:47:31,S,EA,2,,manual
10534570,2014-10-20T23:49:38,S,EA,2,,manual
11567715,2014-10-21T17:00:52,S,NDA,3,,propagado
15295492,2014-10-25T09:52:46,S,EA,2,,manual
11744718,2014-10-21T09:22:39,S,NDA,3,,manual
10045409,2014-10-19T23:07:11,S,ED,3,,manual
14210170,2014-10-24T22:36:32,S,NDA,3,,manual
11379959,2014-10-21T23:51:46,S,ED,3,,propagado
10209846,2014-10-19T21:19:40,S,ED,2,,propagado
13844691,2014-10-24T23:41:37,S,NDA,3,,manual
12650453,2014-10-23T13:42:09,S,EA,3,,propagado
11725717,2014-10-21T10:24:29,S,NDA,3,manchete,propagado
9842889,2014-10-20T00:33:43,S,EA,3,link_morto,manual
14762445,2014-10-24T07:42:50,S,NDA,3,,propagado
12639934,2014-10-23T14:07:17,S,NDA,3,,propagado
12514384,2014-10-23T18:56:00,S,NDA,3,link_morto,propagado
12572900,2014-10-23T17:02:46,S,NDA,3,,propagado
11486277,2014-10-21T20:18:39,S,NDA,2,,propagado
12350097,2014-10-23T23:53:31,S,NDA,3,,manual
11756961,2014-10-21T08:36:17,S,EA,3,,manual
12666744,2014-10-23T13:05:13,S,NDA,2,,manual
14824632,2014-10-24T01:41:27,S,NDA,2,,propagado
15202992,2014-10-25T13:17:02,S,NDA,3,,propagado
12340510,2014-10-24T00:10:36,N,EA,3,link_morto,manual
15032862,2014-10-25T18:49:02,N,NDA,3,,propagado
14369440,2014-10-24T21:38:27,S,EA,3,,propagado
12589739,2014-10-23T16:17:12,S,ED,2,,propagado
10271039,2014-10-19T18:29:35,S,NDA,3,manchete,propagado
11424221,2014-10-21T22:19:03,S,NDA,3,manchete,propagado
14939144,2014-10-25T21:13:37,S,ED,3,,manual
12567576,2014-10-23T17:11:45,S,NDA,3,,propagado
13993965,2014-10-24T23:15:25,S,ED,2,,manual
12213314,2014-10-22T09:48:22,S,ED,2,,propagado
10793026,2014-10-20T12:40:51,S,EA,3,,manual
10710783,2014-10-20T16:51:06,S,NDA,1,idioma,manual
14724330,2014-10-24T09:41:36,S,NDA,3,manchete,propagado
11442253,2014-10-21T21:41:54,N,EA,3,,propagado
14001400,2014-10-24T23:14:11,S,NDA,3,,manual
9890650,2014-10-19T23:58:44,S,EA,2,,manual
14570099,2014-10-24T14:54:45,S,ED,2,manchete,propagado
12648931,2014-10-23T13:45:15,S,EA,3,,propagado
11478284,2014-10-21T20:33:53,S,NDA,3,,manual
10624620,2014-10-20T20:47:48,N,NDA,3,,propagado
15248878,2014-10-25T11:43:30,S,NDA,3,,manual
15138547,2014-10-25T15:19:22,S,NDA,3,,propagado
11757006,2014-10-21T08:36:09,S,ED,3,,propagado
14718364,2014-10-24T09:56:17,S,EA,2,,propagado
10007004,2014-10-19T23:18:48,S,ED,2,,manual
14988108,2014-10-25T20:03:01,S,EA,3,link_morto,propagado
15187624,2014-10-25T13:47:44,S,ED,3,,manual
14498280,2014-10-24T17:28:28,S,NDA,3,manchete,manual
14418508,2014-10-24T20:17:01,N,NDA,3,,manual
12528377,2014-10-23T18:25:50,S,EA,3,,manual
12765172,2014-10-23T08:34:46,S,NDA,3,manchete,manual
14199274,2014-10-24T22:38:13,S,ED,2,,manual
13802587,2014-10-24T23:58:53,S,EA,3,,manual
11428726,2014-10-21T22:09:54,?,NDA,3,manchete,manual
11933998,2014-10-22T21:21:37,S,NDA,2,link_morto,manual
10781400,2014-10-20T13:12:52,S,ED,3,link_morto,manual
10642803,2014-10-20T20:16:29,N,NDA,3,,propagado
10070352,2014-10-19T22:58:50,S,EA,3,,propagado
11651053,2014-10-21T13:24:13,S,NDA,1,,manual
12490697,2014-10-23T19:49:00,S,NDA,3,,propagado
14205248,2014-10-24T22:37:16,S,NDA,3,,manual
14735973,2014-10-24T09:10:20,S,NDA,3,,manual
14465312,2014-10-24T18:41:59,S,NDA,1,,manual
12366679,2014-10-23T23:25:17,S,NDA,1,idioma,manual
14191632,2014-10-24T22:39:34,S,NDA,1,idioma,manual
14612022,2014-10-24T13:38:25,S,ED,2,,manual
15057761,2014-10-25T18:07:19,S,NDA,3,,manual
15047393,2014-10-25T18:29:33,S,ED,2,,propagado
15039998,2014-10-25T18:39:13,S,NDA,3,manchete,propagado
15029163,2014-10-25T18:54:48,S,NDA,3,,manual
14016966,2014-10-24T23:11:38,S,ED,2,rt_ironico,manual
14846614,2014-10-25T23:47:05,S,NDA,3,,propagado
12776329,2014-10-23T07:50:22,N,NDA,3,,manual
10749255,2014-10-20T14:48:53,S,NDA,2,,propagado
10728958,2014-10-20T15:52:40,N,NDA,3,,manual
12692795,2014-10-23T12:02:30,N,ED,2,manchete,propagado
14591961,2014-10-24T14:13:33,S,EA,2,,propagado
12618374,2014-10-23T15:01:09,S,EA,3,,propagado
12599282,2014-10-23T15:51:13,S,EA,2,,manual
14343787,2014-10-24T22:12:03,S,EA,1,,manual
12583025,2014-10-23T16:35:21,S,ED,2,,propagado
12407156,2014-10-23T22:22:16,N,NDA,3,link_morto,manual
10857052,2014-10-20T09:12:07,S,ED,3,,manual
14507587,2014-10-24T17:07:49,S,NDA,3,terceiro,manual
11605854,2014-10-21T15:21:29,S,NDA,3,,propagado
14327287,2014-10-24T22:16:54,S,EA,2,,propagado
12486220,2014-10-23T19:59:00,S,NDA,3,manchete,propagado
12463285,2014-10-23T20:42:30,N,NDA,3,,propagado
11755483,2014-10-21T08:41:46,S,ED,3,,manual
9841065,2014-10-20T00:36:15,N,NDA,3,,manual
12152376,2014-10-22T12:36:56,N,ED,2,manchete,propagado
15116432,2014-10-25T16:03:57,S,EA,3,link_morto,propagado
14548219,2014-10-24T15:40:10,S,NDA,3,manchete,propagado
12770094,2014-10-23T08:16:06,N,EA,2,manchete,propagado
14079459,2014-10-24T22:59:52,S,NDA,3,,manual
12624761,2014-10-23T14:45:09,S,NDA,2,,manual
14723616,2014-10-24T09:43:20,S,EA,3,,propagado
15103979,2014-10-25T16:30:06,S,NDA,3,,propagado
14522461,2014-10-24T16:35:36,S,ED,2,,manual
12526850,2014-10-23T18:29:38,S,NDA,3,,propagado
11715870,2014-10-21T10:51:39,S,EA,3,,manual
12570813,2014-10-23T17:06:26,S,EA,3,,propagado
12456409,2014-10-23T20:53:28,S,EA,2,manchete,propagado
12458489,2014-10-23T20:49:51,S,NDA,3,,propagado
14060465,2014-10-24T23:03:13,S,ED,2,,propagado
12465310,2014-10-23T20:39:30,N,EA,2,,propagado
12512351,2014-10-23T19:00:13,S,EA,3,,propagado
12019452,2014-10-22T18:24:34,N,NDA,3,,manual
15365678,2014-10-25T03:20:07,S,NDA,3,,manual
13826490,2014-10-24T23:45:03,S,ED,2,,propagado
11452276,2014-10-21T21:21:47,N,NDA,3,,propagado
10817310,2014-10-20T11:30:11,N,NDA,3,,manual
14928378,2014-10-25T21:30:05,S,NDA,3,,manual
13798953,2014-10-25T00:01:11,S,EA,2,,propagado
12688880,2014-10-23T12:12:05,N,NDA,3,,manual
12584124,2014-10-23T16:32:10,S,EA,3,,propagado
11775361,2014-10-21T07:11:29,S,NDA,3,,propagado
12049058,2014-10-22T17:07:24,S,EA,2,,propagado
11999202,2014-10-22T19:09:35,S,NDA,3,manchete,manual
14448132,2014-10-24T19:17:34,S,EA,2,manchete,propagado
13976451,2014-10-24T23:18:14,S,NDA,3,,manual
10102328,2014-10-19T22:49:28,S,ED,2,link_morto,propagado
14143900,2014-10-24T22:49:24,S,EA,2,,manual
13774289,2014-10-25T00:11:02,S,NDA,3,,manual
12592100,2014-10-23T16:10:31,S,NDA,3,,manual
11828108,2014-10-21T01:22:56,S,EA,3,,manual
12571910,2014-10-23T17:04:30,N,NDA,3,idioma,manual
12446896,2014-10-23T21:10:31,S,ED,3,,manual
10686456,2014-10-20T18:14:26,S,NDA,3,manchete,propagado
11895416,2014-10-22T22:40:42,S,NDA,3,,manual
14395982,2014-10-24T20:55:27,S,EA,2,manchete,propagado
15270057,2014-10-25T10:58:13,N,NDA,3,,manual
10749210,2014-10-20T14:49:02,S,EA,2,idioma,manual
12639404,2014-10-23T14:08:33,S,NDA,3,,manual
14626021,2014-10-24T13:16:54,S,EA,3,,manual
12586326,2014-10-23T16:26:33,S,EA,3,,propagado
12578127,2014-10-23T16:48:42,S,EA,3,,propagado
12225790,2014-10-22T09:07:58,S,NDA,3,,manual
11727824,2014-10-21T10:17:25,S,NDA,2,manchete,propagado
12090701,2014-10-22T15:17:59,S,EA,2,,propagado
14426711,2014-10-24T20:00:15,N,NDA,3,,manual
12460396,2014-10-23T20:46:51,S,EA,2,manchete,propagado
15202614,2014-10-25T13:17:49,S,EA,3,,manual
14421666,2014-10-24T20:10:33,S,NDA,3,,manual
14434655,2014-10-24T19:44:21,S,EA,2,manchete,propagado
14816629,2014-10-24T02:10:24,S,NDA,3,idioma,manual
10350237,2014-10-19T14:04:59,S,NDA,3,manchete,propagado
10095062,2014-10-19T22:51:53,S,EA,2,manchete,propagado
11512658,2014-10-21T19:20:27,S,NDA,3,,propagado
12535988,2014-10-23T18:10:34,S,NDA,3,manchete,propagado
15078130,2014-10-25T17:23:14,S,NDA,3,,manual
10255289,2014-10-19T19:18:44,N,NDA,3,,propagado
14949955,2014-10-25T20:59:31,S,ED,2,,propagado
11462270,2014-10-21T21:00:56,N,EA,3,,propagado
14897134,2014-10-25T22:20:05,S,ED,2,,propagado
12545317,2014-10-23T17:51:09,S,NDA,2,,manual
14897080,2014-10-25T22:20:09,S,NDA,3,,manual
11786974,2014-10-21T05:47:30,S,NDA,3,,propagado
12426993,2014-10-23T21:48:59,N,NDA,3,,propagado
15154853,2014-10-25T14:48:20,S,EA,3,,propagado
14412776,2014-10-24T20:28:53,S,NDA,3,,manual
15259021,2014-10-25T11:22:11,S,NDA,1,idioma,manual
14835133,2014-10-24T01:10:36,S,NDA,3,,manual
10596949,2014-10-20T21:42:38,S,NDA,3,,propagado
10390964,2014-10-19T12:04:11,S,NDA,3,,manual
9954168,2014-10-19T23:36:38,S,NDA,2,,manual
12214677,2014-10-22T09:44:07,S,NDA,3,,propagado
12770157,2014-10-23T08:15:46,N,EA,2,manchete,propagado
15227266,2014-10-25T12:29:18,S,NDA,3,,manual
12543961,2014-10-23T17:53:49,S,NDA,3,link_morto,propagado
12042739,2014-10-22T17:25:19,S,NDA,3,manchete,propagado
12278987,2014-10-22T04:05:23,S,NDA,3,manchete,propagado
10124533,2014-10-19T22:42:19,S,ED,2,link_morto,manual
14411762,2014-10-24T20:30:55,S,EA,2,,propagado
14151474,2014-10-24T22:47:53,S,EA,2,,propagado
14949377,2014-10-25T21:00:14,S,ED,2,,propagado
12683881,2014-10-23T12:24:12,N,ED,2,,manual
11575700,2014-10-21T16:40:03,N,NDA,3,,propagado
15166088,2014-10-25T14:28:35,S,NDA,3,,manual
12046241,2014-10-22T17:15:21,S,ED,2,,propagado
10870673,2014-10-20T08:13:36,S,NDA,2,manchete,manual
11400828,2014-10-21T23:07:05,S,NDA,2,idioma,manual
15043113,2014-10-25T18:35:24,S,NDA,3,manchete,propagado
12636632,2014-10-23T14:15:34,S,EA,2,manchete,propagado
14939576,2014-10-25T21:12:57,N,NDA,3,,propagado
11688750,2014-10-21T11:56:06,N,NDA,3,idioma,manual
14642820,2014-10-24T12:45:26,S,EA,2,,manual
12221710,2014-10-22T09:21:28,N,ED,2,manchete,manual
11765094,2014-10-21T08:01:34,S,ED,2,,manual
11367236,2014-10-22T00:20:52,S,NDA,2,,manual
14305015,2014-10-24T22:21:27,S,NDA,2,,manual
15327513,2014-10-25T07:57:29,S,NDA,2,link_morto,propagado
10254074,2014-10-19T19:22:32,S,NDA,3,link_morto,manual
14528862,2014-10-24T16:21:43,N,ED,2,,propagado
11837024,2014-10-23T00:53:48,S,NDA,3,,manual
14997871,2014-10-25T19:47:54,S,NDA,3,,propagado
10520770,2014-10-21T00:21:18,S,NDA,3,manchete,propagado
11744527,2014-10-21T09:23:18,S,EA,2,,manual
12018902,2014-10-22T18:25:57,S,EA,2,,manual
10542671,2014-10-20T23:32:18,N,NDA,3,,propagado
10697304,2014-10-20T17:32:43,N,NDA,3,,manual
14552712,2014-10-24T15:30:58,S,NDA,3,manchete,propagado
10559376,2014-10-20T22:57:29,S,NDA,2,terceiro,manual
11789287,2014-10-21T05:26:49,S,NDA,3,,propagado
14016521,2014-10-24T23:11:43,S,EA,2,,manual
11716371,2014-10-21T10:50:14,N,NDA,3,idioma,manual
12462678,2014-10-23T20:43:24,S,NDA,3,,propagado
14850626,2014-10-25T23:39:47,S,EA,2,link_morto,propagado
10570472,2014-10-20T22:34:41,S,EA,2,link_morto,manual
12633897,2014-10-23T14:22:33,S,NDA,3,,propagado
14777360,2014-10-24T06:29:57,S,EA,3,,propagado
14279397,2014-10-24T22:25:50,N,NDA,3,,propagado
14433986,2014-10-24T19:45:34,S,EA,2,manchete,propagado
14529541,2014-10-24T16:20:20,N,EA,2,manchete,propagado
11588310,2014-10-21T16:07:04,N,NDA,3,,manual
12338112,2014-10-24T00:15:29,N,NDA,3,,propagado
14881779,2014-10-25T22:46:03,N,NDA,3,,manual
11756424,2014-10-21T08:38:21,N,NDA,3,,propagado
14532976,2014-10-24T16:12:56,S,EA,2,,manual
10699894,2014-10-20T17:24:10,S,NDA,2,,manual
12688189,2014-10-23T12:13:41,S,EA,3,,manual
12120291,2014-10-22T13:58:44,S,ED,2,,manual
12749538,2014-10-23T09:26:57,?,EA,2,,propagado
14894628,2014-10-25T22:24:27,S,NDA,3,manchete,manual
15018369,2014-10-25T19:12:57,S,ED,2,manchete,propagado
12146635,2014-10-22T12:51:46,N,ED,2,manchete,propagado
12597036,2014-10-23T15:57:31,S,EA,3,,propagado
10002379,2014-10-19T23:20:15,N,EA,2,,manual
10035977,2014-10-19T23:10:12,S,EA,2,,propagado
14473767,2014-10-24T18:23:26,S,ED,2,,manual
11749462,2014-10-21T09:05:19,S,NDA,3,manchete,propagado
10646774,2014-10-20T20:09:48,S,NDA,3,manchete,propagado
13888346,2014-10-24T23:32:50,S,NDA,3,,manual
14710216,2014-10-24T10:15:44,N,NDA,3,,manual
14955981,2014-10-25T20:51:18,N,NDA,3,,propagado
11765726,2014-10-21T07:58:53,S,NDA,3,,propagado
12729574,2014-10-23T10:25:52,S,ED,2,,propagado
10850291,2014-10-20T09:35:37,S,ED,2,,manual
14031777,2014-10-24T23:09:04,S,EA,2,,propagado
15081684,2014-10-25T17:16:42,S,NDA,3,idioma,manual
12127002,2014-10-22T13:40:58,S,ED,2,,propagado
10335839,2014-10-19T14:52:01,S,EA,2,rt_ironico,manual
12691892,2014-10-23T12:04:44,N,ED,2,idioma,manual
12720516,2014-10-23T10:50:14,S,NDA,2,,manual
10644406,2014-10-20T20:13:52,S,NDA,1,,manual
12654954,2014-10-23T13:32:46,N,NDA,3,manchete,propagado
14443322,2014-10-24T19:27:23,S,EA,3,,propagado
15382642,2014-10-25T02:12:09,S,NDA,2,link_morto,propagado
14416524,2014-10-24T20:21:13,S,EA,2,,propagado
14581931,2014-10-24T14:31:34,S,NDA,3,,propagado
12574998,2014-10-23T16:57:27,S,NDA,3,,propagado
10718127,2014-10-20T16:27:27,S,EA,1,idioma,manual
11762465,2014-10-21T08:12:46,S,NDA,2,,manual
15140324,2014-10-25T15:15:45,S,NDA,3,,propagado
12513179,2014-10-23T18:58:35,S,NDA,3,link_morto,propagado
11767207,2014-10-21T07:52:00,S,NDA,3,,propagado
12621124,2014-10-23T14:54:22,S,EA,2,,manual
9865809,2014-10-20T00:11:09,S,NDA,3,,propagado
15216611,2014-10-25T12:49:22,S,EA,2,,propagado
15000288,2014-10-25T19:43:53,S,EA,3,,manual
11908135,2014-10-22T22:15:43,S,ED,2,,manual
14520323,2014-10-24T16:40:31,N,ED,2,,propagado
12118524,2014-10-22T14:03:11,S,NDA,3,,manual
14981623,2014-10-25T20:13:08,N,EA,2,,propagado
15299846,2014-10-25T09:39:05,S,ED,3,,manual
14969955,2014-10-25T20:30:57,S,NDA,3,manchete,manual
12754417,2014-10-23T09:11:21,S,ED,2,,propagado
12169619,2014-10-22T11:52:12,S,NDA,3,,propagado
10669556,2014-10-20T19:06:46,S,NDA,3,,propagado
14340101,2014-10-24T22:13:32,S,NDA,3,,manual
10512423,2014-10-21T00:43:34,N,EA,2,manchete,propagado
14631572,2014-10-24T13:08:46,S,NDA,3,,manual
12571101,2014-10-23T17:05:58,S,NDA,3,manchete,propagado
13951928,2014-10-24T23:22:03,S,NDA,3,,manual
12178865,2014-10-22T11:28:17,S,EA,2,,manual
14210002,2014-10-24T22:36:33,S,EA,3,idioma,manual
14189792,2014-10-24T22:39:53,S,EA,2,,manual
11617869,2014-10-21T14:48:49,S,NDA,3,,manual
12804536,2014-10-23T04:40:15,S,EA,2,link_morto,manual
10295896,2014-10-19T17:10:25,N,NDA,3,,manual
14927665,2014-10-25T21:31:08,S,ED,1,link_morto,propagado
10721728,2014-10-20T16:16:26,N,NDA,3,,propagado
10194197,2014-10-19T21:57:09,S,NDA,3,manchete,manual
12428699,2014-10-23T21:46:14,S,EA,3,,propagado
11771508,2014-10-21T07:31:26,S,ED,3,,propagado
10676625,2014-10-20T18:44:08,S,NDA,3,,manual
14092321,2014-10-24T22:57:50,S,NDA,3,,manual
15011915,2014-10-25T19:24:00,S,NDA,3,,manual
12731787,2014-10-23T10:19:53,S,NDA,3,manchete,propagado
10779952,2014-10-20T13:16:39,N,NDA,3,idioma,manual
12680283,2014-10-23T12:32:50,S,NDA,3,,propagado
14905045,2014-10-25T22:07:13,N,NDA,3,,propagado
10589183,2014-10-20T22:00:06,N,NDA,3,,manual
14737298,2014-10-24T09:06:15,S,EA,3,,propagado
14935763,2014-10-25T21:18:51,S,NDA,3,manchete,manual
14427421,2014-10-24T19:58:52,S,EA,3,,propagado
12539963,2014-10-23T18:02:08,N,NDA,3,,propagado
15086937,2014-10-25T17:06:31,S,NDA,3,,propagado
15240831,2014-10-25T12:00:16,S,NDA,3,,manual
15009242,2014-10-25T19:28:32,N,NDA,3,,propagado
12396335,2014-10-23T22:38:06,S,ED,2,rt_ironico,manual
12252488,2014-10-22T07:18:38,S,NDA,3,manchete,propagado
13888396,2014-10-24T23:32:49,S,EA,1,,propagado
14555555,2014-10-24T15:24:54,S,ED,3,,propagado
15043817,2014-10-25T18:34:37,N,NDA,3,,propagado
12083922,2014-10-22T15:36:53,N,NDA,2,,manual
14918093,2014-10-25T21:46:27,N,NDA,3,,propagado
15288767,2014-10-25T10:12:38,S,ED,2,manchete,manual
12637128,2014-10-23T14:14:21,S,EA,3,,propagado
14712084,2014-10-24T10:11:16,S,NDA,3,,propagado
14459108,2014-10-24T18:55:15,S,NDA,1,link_morto,manual
10320126,2014-10-19T15:46:53,S,NDA,3,manchete,propagado
14861753,2014-10-25T23:19:46,S,NDA,3,,propagado
10622751,2014-10-20T20:50:59,S,NDA,3,,propagado
11782355,2014-10-21T06:27:30,S,NDA,3,,propagado
14948031,2014-10-25T21:01:49,S,ED,2,,propagado
11811285,2014-10-21T02:36:32,S,NDA,2,,manual
14031649,2014-10-24T23:09:05,S,EA,3,,manual
12029924,2014-10-22T17:59:06,S,NDA,3,,propagado
14846572,2014-10-25T23:47:11,S,NDA,3,link_morto,manual
14542177,2014-10-24T15:53:38,S,NDA,3,,manual
10507669,2014-10-21T00:57:01,S,NDA,2,,manual
12634855,2014-10-23T14:20:06,N,EA,2,,manual
14214881,2014-10-24T22:35:43,S,NDA,3,idioma,propagado
10315514,2014-10-19T16:02:36,S,NDA,3,manchete,propagado
14781495,2014-10-24T06:01:09,S,EA,2,link_morto,propagado
12504701,2014-10-23T19:18:28,S,EA,3,,propagado
10547230,2014-10-20T23:23:02,S,NDA,3,manchete,propagado
15005467,2014-10-25T19:34:44,S,NDA,3,,propagado
14519179,2014-10-24T16:42:59,S,ED,2,,propagado
10011027,2014-10-19T23:17:32,S,ED,2,,manual
15053189,2014-10-25T18:17:43,N,ED,2,idioma,manual
14441309,2014-10-24T19:31:16,N,NDA,3,,propagado
15202956,2014-10-25T13:17:06,S,NDA,3,,manual
15032747,2014-10-25T18:49:13,S,NDA,3,,propagado
9867074,2014-10-20T00:10:15,S,NDA,3,,manual
14764615,2014-10-24T07:33:54,S,NDA,3,,propagado
12639987,2014-10-23T14:07:08,S,EA,3,,propagado
11904246,2014-10-22T22:23:10,S,EA,3,,manual
10233901,2014-10-19T20:18:22,N,EA,2,,propagado
10411461,2014-10-19T10:56:38,S,NDA,3,,manual
9939691,2014-10-19T23:41:19,N,NDA,3,manchete,manual
11625485,2014-10-21T14:28:52,S,NDA,2,link_morto,propagado
12144108,2014-10-22T12:58:48,S,EA,2,,manual
15262746,2014-10-25T11:14:09,S,NDA,3,manchete,manual
11689972,2014-10-21T11:53:00,S,EA,2,,propagado
11777670,2014-10-21T06:58:59,S,NDA,3,,propagado
12149638,2014-10-22T12:43:58,S,NDA,1,link_morto,manual
12507837,2014-10-23T19:10:18,S,NDA,3,manchete,manual
12759215,2014-10-23T08:55:19,N,NDA,3,manchete,propagado
12535325,2014-10-23T18:11:53,S,EA,3,,propagado
12429947,2014-10-23T21:44:05,N,NDA,3,,propagado
10927164,2014-10-20T01:55:48,S,NDA,3,,manual
15165184,2014-10-25T14:30:07,N,NDA,3,manchete,manual
10013407,2014-10-19T23:16:47,S,ED,2,,propagado
12506696,2014-10-23T19:13:58,S,NDA,3,manchete,propagado
14034085,2014-10-24T23:08:38,N,NDA,3,manchete,manual
12059495,2014-10-22T16:40:27,S,NDA,3,,manual
12243288,2014-10-22T08:02:54,S,NDA,3,manchete,propagado
14975642,2014-10-25T20:22:30,S,ED,2,,manual
11722088,2014-10-21T10:35:07,S,NDA,3,,propagado
12605677,2014-10-23T15:33:37,S,EA,3,,propagado
12112370,2014-10-22T14:19:35,S,NDA,3,manchete,propagado
14914819,2014-10-25T21:52:08,S,NDA,3,link_morto,manual
12547477,2014-10-23T17:47:11,S,NDA,3,,propagado
12345173,2014-10-24T00:01:56,S,NDA,3,manchete,propagado
12470083,2014-10-23T20:31:30,S,NDA,3,,propagado
11564240,2014-10-21T17:09:17,S,NDA,3,,manual
12499951,2014-10-23T19:28:37,S,NDA,1,link_morto,propagado
12222941,2014-10-22T09:17:39,S,NDA,3,,propagado
12651119,2014-10-23T13:40:47,S,ED,2,,manual
11513473,2014-10-21T19:18:44,S,NDA,3,,propagado
9904964,2014-10-19T23:53:21,S,EA,2,link_morto,propagado
15304186,2014-10-25T09:24:10,N,NDA,3,,manual
11386912,2014-10-21T23:36:40,S,NDA,1,link_morto,propagado
15333110,2014-10-25T07:28:04,S,EA,3,,manual
14926338,2014-10-25T21:33:15,S,NDA,3,,manual
12081600,2014-10-22T15:43:03,S,EA,2,,manual
12493876,2014-10-23T19:42:01,S,NDA,3,,propagado
12572671,2014-10-23T17:03:09,N,NDA,3,,manual
11765325,2014-10-21T08:00:34,S,NDA,3,,propagado
14174345,2014-10-24T22:43:15,S,NDA,3,,manual
12598874,2014-10-23T15:52:23,N,NDA,3,,manual
12216506,2014-10-22T09:38:22,N,NDA,3,idioma,manual
13983071,2014-10-24T23:17:10,S,NDA,1,,manual
14337131,2014-10-24T22:14:24,S,ED,2,,manual
15405212,2014-10-25T01:24:38,S,EA,2,,propagado
11376778,2014-10-21T23:58:26,S,EA,3,idioma,propagado
10428504,2014-10-19T09:48:47,S,NDA,3,,manual
12541636,2014-10-23T17:58:41,S,NDA,3,,propagado
11702070,2014-10-21T11:24:28,N,ED,2,,manual
10029371,2014-10-19T23:12:12,S,NDA,3,,manual
10198055,2014-10-19T21:49:00,S,NDA,3,manchete,propagado
11378907,2014-10-21T23:54:04,S,NDA,1,link_morto,propagado
12729860,2014-10-23T10:25:07,S,NDA,2,,manual
14654076,2014-10-24T12:21:28,S,EA,3,,propagado
14919785,2014-10-25T21:43:38,S,NDA,1,link_morto,manual
12591292,2014-10-23T16:12:38,S,EA,3,,propagado
14539354,2014-10-24T15:59:53,N,NDA,3,,manual
11737643,2014-10-21T09:46:10,S,EA,2,link_morto,manual
10123532,2014-10-19T22:42:37,S,ED,2,,manual
14656450,2014-10-24T12:16:40,S,NDA,3,,manual
13801992,2014-10-24T23:59:21,S,NDA,3,,manual
12255800,2014-10-22T07:00:12,S,NDA,3,manchete,propagado
10191238,2014-10-19T22:02:30,S,NDA,3,,propagado
12622826,2014-10-23T14:49:59,N,EA,2,,propagado
14440650,2014-10-24T19:32:24,N,NDA,3,,propagado
11746973,2014-10-21T09:14:46,N,NDA,3,,manual
11615213,2014-10-21T14:56:51,S,ED,1,,manual
12562535,2014-10-23T17:20:07,S,NDA,3,,propagado
11712489,2014-10-21T11:00:30,S,EA,2,,manual
14283374,2014-10-24T22:25:12,S,ED,2,,manual
10713784,2014-10-20T16:41:28,S,NDA,3,,propagado
14250832,2014-10-24T22:30:14,S,ED,2,,manual
10260908,2014-10-19T19:00:25,N,NDA,3,,propagado
15004707,2014-10-25T19:36:09,S,NDA,3,,propagado
15053564,2014-10-25T18:16:54,N,NDA,3,link_morto,manual
14198889,2014-10-24T22:38:18,S,EA,2,,propagado
15180820,2014-10-25T14:00:32,S,EA,2,manchete,manual
12044384,2014-10-22T17:20:34,S,ED,3,,propagado
10014286,2014-10-19T23:16:31,S,EA,2,,propagado
14907047,2014-10-25T22:04:02,S,ED,1,link_morto,propagado
12508556,2014-10-23T19:08:59,S,EA,3,,manual
12531213,2014-10-23T18:20:06,N,NDA,3,,manual
14744666,2014-10-24T08:43:45,N,NDA,3,manchete,manual
12460907,2014-10-23T20:46:02,S,NDA,3,,propagado
11911117,2014-10-22T22:10:21,S,EA,2,,manual
12046159,2014-10-22T17:15:36,S,EA,2,,propagado
15026866,2014-10-25T18:58:42,S,EA,3,,manual
11992576,2014-10-22T19:23:31,N,EA,2,,propagado
12087980,2014-10-22T15:25:55,S,EA,2,manchete,propagado
15286793,2014-10-25T10:17:52,S,EA,3,,manual
15109864,2014-10-25T16:17:07,S,ED,3,,manual
14016189,2014-10-24T23:11:46,S,ED,2,,manual
15169541,2014-10-25T14:21:56,S,ED,3,,manual
14902213,2014-10-25T22:11:48,N,NDA,3,,propagado
10258723,2014-10-19T19:07:24,N,NDA,3,,propagado
11697307,2014-10-21T11:35:47,S,EA,1,,manual
11903164,2014-10-22T22:25:35,S,ED,2,,propagado
12543924,2014-10-23T17:53:54,S,NDA,3,manchete,propagado
14564381,2014-10-24T15:06:01,S,ED,3,,propagado
12647349,2014-10-23T13:49:11,S,EA,3,,propagado
11468472,2014-10-21T20:49:57,N,NDA,3,manchete,manual
13789433,2014-10-25T00:04:59,S,NDA,3,link_morto,manual
12538077,2014-10-23T18:06:24,S,EA,3,,manual
13912574,2014-10-24T23:28:44,S,NDA,3,,manual
10671893,2014-10-20T18:59:11,S,NDA,3,manchete,propagado
12736757,2014-10-23T10:05:41,S,NDA,3,,manual
14884005,2014-10-25T22:42:07,S,EA,2,,propagado
10470833,2014-10-19T04:09:50,S,EA,2,,propagado
14503116,2014-10-24T17:17:18,N,ED,2,manchete,manual
14645410,2014-10-24T12:39:58,S,NDA,3,,manual
12202261,2014-10-22T10:20:58,S,NDA,3,manchete,propagado
11599479,2014-10-21T15:37:40,S,NDA,3,manchete,propagado
12572071,2014-10-23T17:04:13,N,NDA,3,,manual
11575390,2014-10-21T16:40:48,S,NDA,1,link_morto,manual
14905143,2014-10-25T22:07:03,S,ED,3,,propagado
11926664,2014-10-22T21:38:08,S,NDA,3,,manual
11743943,2014-10-21T09:25:18,S,NDA,3,,manual
14649155,2014-10-24T12:31:57,S,ED,3,,propagado
12110154,2014-10-22T14:25:57,S,EA,2,manchete,propagado
14846382,2014-10-25T23:47:29,S,NDA,3,,manual
10617437,2014-10-20T21:00:36,N,NDA,3,,manual
12602586,2014-10-23T15:41:54,S,EA,3,,propagado
10546930,2014-10-20T23:23:41,S,NDA,1,,manual
12505840,2014-10-23T19:15:48,S,ED,2,,propagado
13929394,2014-10-24T23:26:07,N,EA,2,,manual
14294650,2014-10-24T22:23:13,S,EA,2,,propagado
11790625,2014-10-21T05:13:32,S,EA,2,,manual
15026983,2014-10-25T18:58:31,S,NDA,3,,propagado
10569562,2014-10-20T22:36:27,S,ED,2,,manual
11915306,2014-10-22T22:02:17,S,ED,2,,propagado
11831996,2014-10-21T01:09:46,N,NDA,3,,propagado
12644476,2014-10-23T13:56:13,S,NDA,3,,propagado
12497182,2014-10-23T19:34:40,S,NDA,3,,manual
15040958,2014-10-25T18:38:02,S,NDA,3,,manual
10358946,2014-10-19T13:37:33,N,NDA,3,,propagado
11628105,2014-10-21T14:21:18,N,NDA,3,,propagado
11556828,2014-10-21T17:27:52,S,NDA,3,manchete,propagado
14911700,2014-10-25T21:57:18,S,NDA,3,manchete,propagado
10131073,2014-10-19T22:39:54,S,NDA,3,,manual
14762727,2014-10-24T07:41:45,S,EA,3,,propagado
12015080,2014-10-22T18:34:25,S,EA,2,,manual
15069138,2014-10-25T17:42:19,S,EA,2,manchete,propagado
14140353,2014-10-24T22:50:06,S,ED,3,,manual
11598705,2014-10-21T15:39:43,S,NDA,3,manchete,propagado
12498324,2014-10-23T19:32:06,S,NDA,3,,propagado
15268511,2014-10-25T11:01:28,S,NDA,3,,manual
10508859,2014-10-21T00:53:35,S,NDA,2,manchete,propagado
12636170,2014-10-23T14:16:50,S,EA,3,,propagado
10661716,2014-10-20T19:30:32,N,NDA,3,,manual
11581872,2014-10-21T16:24:26,S,NDA,3,manchete,propagado
12346417,2014-10-23T23:59:46,S,EA,2,manchete,propagado
10550171,2014-10-20T23:16:56,S,NDA,3,,propagado
12691989,2014-10-23T12:04:30,N,NDA,3,,manual
15039770,2014-10-25T18:39:31,S,NDA,3,,propagado
13768191,2014-10-25T00:13:48,S,EA,3,,manual
12503316,2014-10-23T19:21:21,S,NDA,3,manchete,propagado
15009965,2014-10-25T19:27:20,S,EA,2,,propagado
12025372,2014-10-22T18:10:01,S,NDA,3,manchete,propagado
10681313,2014-10-20T18:30:30,S,NDA,3,,manual
11466226,2014-10-21T20:53:38,S,NDA,3,,manual
12111293,2014-10-22T14:22:32,N,EA,2,,propagado
15407646,2014-10-25T01:20:28,S,EA,2,,propagado
12444650,2014-10-23T21:14:55,S,NDA,3,,propagado
12428363,2014-10-23T21:46:49,S,NDA,2,,manual
15315590,2014-10-25T08:45:46,N,NDA,3,,manual
15123064,2014-10-25T15:50:19,S,EA,3,link_morto,propagado
14401410,2014-10-24T20:47:46,S,ED,2,,propagado
15379168,2014-10-25T02:22:56,S,EA,2,,manual
15098639,2014-10-25T16:42:03,N,NDA,3,,manual
14129164,2014-10-24T22:52:16,S,ED,2,,manual
14797393,2014-10-24T04:05:36,S,EA,3,,propagado
12429460,2014-10-23T21:44:59,S,NDA,3,,manual
10005245,2014-10-19T23:19:20,S,ED,2,,propagado
10363550,2014-10-19T13:23:38,S,ED,2,,propagado
10229692,2014-10-19T20:30:45,S,NDA,3,,manual
14283811,2014-10-24T22:25:07,S,NDA,3,,manual
10505509,2014-10-19T01:03:28,S,NDA,3,,manual
12611678,2014-10-23T15:17:36,N,NDA,3,,manual
10631535,2014-10-20T20:36:06,S,NDA,3,manchete,propagado
15330696,2014-10-25T07:40:47,?,NDA,1,link_morto,manual
14977487,2014-10-25T20:19:44,S,EA,3,,manual
12243948,2014-10-22T08:00:12,S,NDA,3,manchete,propagado
15042314,2014-10-25T18:36:20,S,NDA,3,manchete,propagado
10685852,2014-10-20T18:16:17,S,NDA,3,manchete,propagado
13860900,2014-10-24T23:38:22,?,NDA,1,idioma,manual
10703530,2014-10-20T17:13:27,?,NDA,1,idioma,manual
10677748,2014-10-20T18:40:47,S,EA,2,,propagado
14384705,2014-10-24T21:12:45,S,EA,2,,propagado
12494568,2014-10-23T19:40:29,S,ED,2,,propagado
10865993,2014-10-20T08:35:01,N,NDA,3,,propagado
15064183,2014-10-25T17:53:14,S,NDA,3,,propagado
10274011,2014-10-19T18:20:02,S,NDA,2,,manual
15307397,2014-10-25T09:13:13,S,ED,2,manchete,propagado
10626494,2014-10-20T20:44:38,S,NDA,3,manchete,propagado
11706569,2014-10-21T11:14:13,S,NDA,3,manchete,propagado
9868153,2014-10-20T00:09:32,S,NDA,3,,manual
14935408,2014-10-25T21:19:23,N,NDA,3,,propagado
11764480,2014-10-21T08:03:56,S,NDA,3,,propagado
11749666,2014-10-21T09:04:32,S,NDA,3,,manual
11757949,2014-10-21T08:32:19,N,NDA,3,,propagado
15043985,2014-10-25T18:34:25,N,NDA,3,,propagado
14331803,2014-10-24T22:15:52,S,NDA,3,,manual
11469548,2014-10-21T20:48:21,S,NDA,2,,manual
12455669,2014-10-23T20:54:49,S,NDA,3,,propagado
12821644,2014-10-23T02:37:04,S,EA,2,,manual
12249827,2014-10-22T07:32:42,S,NDA,3,manchete,propagado
14631623,2014-10-24T13:08:40,S,NDA,3,,manual
14252947,2014-10-24T22:29:55,S,EA,2,,manual
15026615,2014-10-25T18:59:07,N,NDA,3,,propagado
15064679,2014-10-25T17:52:12,S,EA,2,manchete,propagado
14026170,2014-10-24T23:10:05,S,EA,2,,manual
11825377,2014-10-21T01:33:16,S,NDA,1,link_morto,manual
14895788,2014-10-25T22:22:23,S,NDA,3,,propagado
14876806,2014-10-25T22:54:15,S,NDA,2,link_morto,propagado
10838093,2014-10-20T10:20:24,S,ED,2,manchete,propagado
15045789,2014-10-25T18:32:08,N,NDA,3,,propagado
14608722,2014-10-24T13:43:55,S,NDA,3,,propagado
11412099,2014-10-21T22:43:35,S,EA,2,,manual
12651490,2014-10-23T13:40:12,S,EA,3,,propagado
14627002,2014-10-24T13:15:35,S,NDA,3,manchete,propagado
14412508,2014-10-24T20:29:26,S,EA,2,,propagado
10262075,2014-10-19T18:57:07,N,NDA,3,,propagado
10621196,2014-10-20T20:53:42,N,NDA,3,,manual
15182717,2014-10-25T13:57:11,S,NDA,3,,manual
11898024,2014-10-22T22:35:48,S,ED,2,,manual
10279260,2014-10-19T18:02:49,N,NDA,3,,manual
11940470,2014-10-22T21:07:44,S,NDA,3,,manual
12562918,2014-10-23T17:19:27,S,EA,3,,propagado
10640009,2014-10-20T20:21:27,N,EA,2,manchete,manual
12778668,2014-10-23T07:38:54,N,EA,3,manchete,manual
10382369,2014-10-19T12:31:00,S,NDA,2,,manual
10682376,2014-10-20T18:27:20,S,EA,3,,manual
12601062,2014-10-23T15:46:02,S,EA,3,,propagado
14922323,2014-10-25T21:39:38,S,ED,2,,propagado
10611782,2014-10-20T21:11:36,N,NDA,3,,propagado
10257985,2014-10-19T19:09:57,S,NDA,3,,manual
12336842,2014-10-24T00:17:38,S,EA,2,link_morto,manual
11488615,2014-10-21T20:13:59,S,NDA,3,manchete,propagado
10078606,2014-10-19T22:56:14,S,NDA,3,,manual
12309993,2014-10-22T01:22:26,S,ED,2,,manual
13779977,2014-10-25T00:08:42,S,EA,2,,propagado
12812328,2014-10-23T03:35:31,S,EA,3,,manual
11746289,2014-10-21T09:17:22,S,EA,3,,manual
15139569,2014-10-25T15:17:21,S,NDA,3,,manual
14917167,2014-10-25T21:48:04,S,NDA,3,,propagado
15074099,2014-10-25T17:31:16,S,EA,2,manchete,propagado
12488459,2014-10-23T19:54:04,S,NDA,3,,propagado
12654343,2014-10-23T13:34:08,S,EA,2,,manual
12597111,2014-10-23T15:57:16,S,EA,3,,propagado
14530934,2014-10-24T16:17:16,N,NDA,3,manchete,propagado
14883693,2014-10-25T22:42:41,S,ED,3,,propagado
14346685,2014-10-24T22:09:35,N,NDA,3,,manual
11381296,2014-10-21T23:48:45,S,EA,2,link_morto,propagado
12493703,2014-10-23T19:42:21,S,NDA,3,,propagado
11789475,2014-10-21T05:24:50,S,NDA,3,,propagado
14696334,2014-10-24T10:47:35,S,NDA,3,,propagado
12487805,2014-10-23T19:55:26,S,EA,3,,manual
14541767,2014-10-24T15:54:29,S,NDA,3,manchete,propagado
14850505,2014-10-25T23:39:59,S,EA,3,link_morto,propagado
10136630,2014-10-19T22:37:59,S,NDA,1,link_morto,propagado
12520821,2014-10-23T18:42:38,S,NDA,3,,manual
12536124,2014-10-23T18:10:19,S,NDA,3,manchete,propagado
12227650,2014-10-22T09:01:46,N,NDA,3,,manual
12582396,2014-10-23T16:37:03,S,EA,3,,propagado
15110330,2014-10-25T16:16:12,N,NDA,3,,manual
14950013,2014-10-25T20:59:26,S,ED,2,,propagado
11736849,2014-10-21T09:48:46,S,NDA,3,manchete,propagado
15010636,2014-10-25T19:26:08,S,NDA,3,,propagado
11730776,2014-10-21T10:08:14,S,NDA,3,,propagado
15033936,2014-10-25T18:47:30,S,EA,3,,propagado
10630244,2014-10-20T20:38:18,S,NDA,3,,propagado
10759290,2014-10-20T14:17:59,S,EA,3,,manual
14663793,2014-10-24T12:00:30,N,NDA,3,,propagado
12093102,2014-10-22T15:11:41,S,EA,2,,manual
14597515,2014-10-24T14:03:28,?,NDA,3,,propagado
15062726,2014-10-25T17:56:35,S,EA,2,manchete,propagado
12678610,2014-10-23T12:36:46,S,EA,2,,manual
10330480,2014-10-19T15:09:47,S,EA,3,,manual
12668835,2014-10-23T13:00:30,S,NDA,3,,manual
14749499,2014-10-24T08:29:25,S,NDA,3,manchete,manual
14035867,2014-10-24T23:08:17,N,EA,2,,propagado
10682847,2014-10-20T18:25:44,S,NDA,3,manchete,propagado
13763099,2014-10-25T00:16:21,S,EA,2,,manual
12197351,2014-10-22T10:35:51,S,NDA,3,,propagado
13881377,2014-10-24T23:34:08,S,NDA,2,,propagado
15006042,2014-10-25T19:33:43,S,EA,3,,manual
15066677,2014-10-25T17:47:54,S,EA,3,link_morto,propagado
14701685,2014-10-24T10:34:46,S,EA,3,,propagado
11497367,2014-10-21T19:55:14,S,NDA,3,,propagado
12567354,2014-10-23T17:12:07,S,NDA,3,,propagado
12527505,2014-10-23T18:27:41,S,NDA,3,manchete,propagado
11597205,2014-10-21T15:43:50,S,NDA,3,manchete,propagado
12641732,2014-10-23T14:03:03,S,NDA,3,manchete,propagado
11501394,2014-10-21T19:46:29,S,NDA,3,,propagado
14860908,2014-10-25T23:21:12,S,ED,3,,manual
12634164,2014-10-23T14:21:51,S,EA,3,,propagado
10153795,2014-10-19T22:31:48,S,NDA,3,manchete,manual
12272259,2014-10-22T04:58:53,S,NDA,2,,manual
12588228,2014-10-23T16:21:21,S,NDA,3,,manual
14646110,2014-10-24T12:38:31,S,ED,2,,manual
10631516,2014-10-20T20:36:08,N,NDA,3,,manual
11899165,2014-10-22T22:33:41,S,ED,2,,manual
12645800,2014-10-23T13:53:05,S,EA,3,,propagado
14764223,2014-10-24T07:35:31,S,NDA,3,,propagado
12032385,2014-10-22T17:53:05,N,ED,2,,manual
14758152,2014-10-24T07:59:06,S,EA,3,,propagado
11826824,2014-10-21T01:27:45,S,NDA,3,,manual
12561165,2014-10-23T17:22:21,S,ED,2,manchete,propagado
11728483,2014-10-21T10:15:20,S,NDA,3,manchete,propagado
12019818,2014-10-22T18:23:35,S,ED,2,,propagado
12335840,2014-10-24T00:19:27,S,EA,2,manchete,propagado
10514359,2014-10-21T00:38:11,N,NDA,3,manchete,propagado
15043804,2014-10-25T18:34:38,N,NDA,3,,manual
14993384,2014-10-25T19:54:36,S,NDA,3,,manual
14838184,2014-10-24T01:02:52,S,EA,3,,propagado
14378764,2014-10-24T21:22:51,S,ED,2,link_morto,manual
10014008,2014-10-19T23:16:36,S,NDA,3,idioma,propagado
12253167,2014-10-22T07:15:09,S,NDA,3,manchete,propagado
12234879,2014-10-22T08:37:10,S,ED,2,,propagado
13815952,2014-10-24T23:47:08,S,NDA,3,,manual
12546892,2014-10-23T17:48:23,S,NDA,3,,manual
15319275,2014-10-25T08:32:21,N,EA,3,,propagado
15356950,2014-10-25T04:19:08,S,EA,2,rt_ironico,propagado
12547774,2014-10-23T17:46:37,S,NDA,3,,manual
10198084,2014-10-19T21:48:56,S,ED,2,,propagado
10774140,2014-10-20T13:32:22,S,EA,2,,manual
12541389,2014-10-23T17:59:14,N,NDA,3,,manual
14515465,2014-10-24T16:51:02,S,NDA,3,,propagado
12222079,2014-10-22T09:20:20,S,NDA,3,,propagado
12249464,2014-10-22T07:34:36,S,NDA,3,manchete,propagado
14531018,2014-10-24T16:17:06,S,ED,2,,manual
14250342,2014-10-24T22:30:18,S,NDA,3,,propagado
12506994,2014-10-23T19:13:19,S,ED,2,,propagado
14284518,2014-10-24T22:25:00,N,NDA,3,,propagado
14849554,2014-10-25T23:41:44,S,ED,2,,propagado
15039210,2014-10-25T18:40:08,N,NDA,3,,manual
10635109,2014-10-20T20:30:09,S,NDA,3,manchete,propagado
11760522,2014-10-21T08:21:12,S,EA,2,,manual
10941581,2014-10-20T01:16:17,S,EA,2,link_morto,propagado
11742496,2014-10-21T09:30:08,S,ED,3,,propagado
10819436,2014-10-20T11:23:54,S,NDA,3,,manual
13783373,2014-10-25T00:07:20,S,NDA,3,manchete,propagado
12649438,2014-10-23T13:44:10,S,EA,3,,propagado
14852090,2014-10-25T23:37:08,S,NDA,1,,propagado
15023729,2014-10-25T19:03:52,N,NDA,3,,manual
12235951,2014-10-22T08:33:47,S,NDA,3,,manual
12048219,2014-10-22T17:09:50,S,ED,2,,propagado
14344897,2014-10-24T22:11:18,S,NDA,3,,manual
15035387,2014-10-25T18:45:31,S,NDA,3,,propagado
15039528,2014-10-25T18:39:47,S,NDA,3,,propagado
11902559,2014-10-22T22:26:48,S,NDA,1,,manual
14402406,2014-10-24T20:46:14,S,ED,3,,propagado
11511135,2014-10-21T19:23:55,S,NDA,3,,propagado
15066556,2014-10-25T17:48:10,S,NDA,3,,propagado
10250117,2014-10-19T19:34:08,N,NDA,3,,propagado
14200659,2014-10-24T22:38:00,S,EA,3,,propagado
14739836,2014-10-24T08:58:49,S,NDA,3,manchete,propagado
10181911,2014-10-19T22:16:53,S,NDA,3,,propagado
12760213,2014-10-23T08:51:51,N,NDA,3,manchete,propagado
14753598,2014-10-24T08:14:30,S,EA,3,,propagado
11774409,2014-10-21T07:16:40,S,NDA,3,,propagado
14855084,2014-10-25T23:31:47,S,NDA,3,,manual
14980872,2014-10-25T20:14:20,S,NDA,3,,manual
10492921,2014-10-19T01:54:57,S,NDA,2,,manual
11862378,2014-10-22T23:49:30,N,NDA,3,,manual
12552374,2014-10-23T17:38:07,S,ED,2,,manual
14599456,2014-10-24T14:00:03,S,ED,2,,manual
14193954,2014-10-24T22:39:09,S,NDA,3,,manual
11501633,2014-10-21T19:45:58,S,EA,2,,propagado
11903126,2014-10-22T22:25:39,N,NDA,3,,manual
11772149,2014-10-21T07:28:50,S,NDA,3,,propagado
15111856,2014-10-25T16:13:10,S,EA,3,link_morto,propagado
15039274,2014-10-25T18:40:04,S,NDA,3,,propagado
14539350,2014-10-24T15:59:53,N,NDA,3,,propagado
12841368,2014-10-23T01:11:34,S,NDA,3,,propagado
12626995,2014-10-23T14:39:29,S,NDA,1,idioma,manual
12638571,2014-10-23T14:10:36,S,EA,3,,propagado
10872152,2014-10-20T08:06:30,S,NDA,2,manchete,propagado
14446339,2014-10-24T19:21:21,S,EA,3,,manual
13787249,2014-10-25T00:05:48,S,NDA,3,,manual
12241110,2014-10-22T08:12:07,S,NDA,3,,propagado
12766831,2014-10-23T08:28:44,S,ED,2,,propagado
15039757,2014-10-25T18:39:32,S,NDA,3,manchete,propagado
10433463,2014-10-19T09:24:29,S,EA,3,,manual
14418297,2014-10-24T20:17:27,N,NDA,3,manchete,propagado
12188952,2014-10-22T11:00:34,N,NDA,3,,manual
10850582,2014-10-20T09:34:39,N,NDA,3,,manual
12449795,2014-10-23T21:05:26,S,ED,2,,manual
12121367,2014-10-22T13:55:58,N,NDA,3,manchete,propagado
14505428,2014-10-24T17:12:23,N,EA,2,manchete,propagado
14667543,2014-10-24T11:51:52,S,EA,3,,propagado
14768871,2014-10-24T07:15:15,S,NDA,3,,propagado
14974494,2014-10-25T20:24:10,S,NDA,3,manchete,propagado
15040338,2014-10-25T18:38:51,S,NDA,3,,propagado
12479028,2014-10-23T20:14:38,S,NDA,3,,propagado
12516810,2014-10-23T18:50:54,S,EA,3,link_morto,manual
10832749,2014-10-20T10:39:41,N,NDA,3,,propagado
14971455,2014-10-25T20:28:41,S,NDA,3,,manual
14890361,2014-10-25T22:31:47,N,NDA,3,,propagado
15075645,2014-10-25T17:28:17,S,EA,3,,manual
10264170,2014-10-19T18:50:32,N,NDA,3,,manual
14967766,2014-10-25T20:34:22,N,EA,2,,propagado
10573307,2014-10-20T22:29:26,N,NDA,3,,propagado
12668904,2014-10-23T13:00:23,S,NDA,3,,manual
15042800,2014-10-25T18:35:46,S,NDA,3,,manual
10619594,2014-10-20T20:56:34,S,NDA,3,manchete,propagado
14953816,2014-10-25T20:54:13,S,ED,2,,propagado
14911898,2014-10-25T21:57:04,N,NDA,3,,propagado
14418019,2014-10-24T20:18:03,N,NDA,3,,manual
10250768,2014-10-19T19:32:19,N,EA,2,,propagado
10090056,2014-10-19T22:53:10,N,ED,2,,propagado
9907851,2014-10-19T23:52:17,S,EA,3,,manual
15075807,2014-10-25T17:27:55,S,EA,2,manchete,propagado
10591093,2014-10-20T21:55:44,S,ED,2,,manual
12461154,2014-10-23T20:45:39,S,EA,2,manchete,propagado
12468575,2014-10-23T20:34:09,N,NDA,3,,manual
14856352,2014-10-25T23:29:37,S,NDA,3,,manual
14887769,2014-10-25T22:36:01,S,NDA,3,,manual
11999734,2014-10-22T19:08:29,S,ED,3,,manual
10249953,2014-10-19T19:34:37,N,NDA,3,,propagado
14767571,2014-10-24T07:21:11,S,NDA,2,link_morto,propagado
10008655,2014-10-19T23:18:17,S,NDA,2,,manual
14408296,2014-10-24T20:36:48,S,EA,2,,manual
14548071,2014-10-24T15:40:29,S,NDA,3,,propagado
10768552,2014-10-20T13:49:37,S,EA,2,link_morto,manual
10212969,2014-10-19T21:11:12,S,ED,3,,manual
12522227,2014-10-23T18:39:32,S,NDA,3,manchete,propagado
12377922,2014-10-23T23:06:58,S,NDA,3,link_morto,propagado
15058145,2014-10-25T18:06:21,S,ED,3,,propagado
15080588,2014-10-25T17:18:47,S,EA,3,,manual
14490759,2014-10-24T17:45:44,S,NDA,2,,manual
14898684,2014-10-25T22:17:36,S,EA,2,,propagado
11761485,2014-10-21T08:16:50,S,NDA,3,,propagado
10823885,2014-10-20T11:09:21,N,NDA,3,,propagado
15142993,2014-10-25T15:10:24,S,EA,3,,propagado
10869010,2014-10-20T08:21:48,S,NDA,3,,manual
15089783,2014-10-25T17:00:34,S,EA,3,link_morto,propagado
14687685,2014-10-24T11:07:22,N,NDA,3,,manual
12456883,2014-10-23T20:52:37,S,EA,3,,manual
9881217,2014-10-20T00:02:18,S,NDA,3,,propagado
12106936,2014-10-22T14:35:07,S,NDA,3,manchete,propagado
14517429,2014-10-24T16:46:45,S,EA,2,,propagado
10254469,2014-10-19T19:21:10,N,EA,2,,propagado
14837171,2014-10-24T01:05:21,S,EA,3,,propagado
14942469,2014-10-25T21:08:52,S,NDA,3,,propagado
11567964,2014-10-21T17:00:19,N,NDA,3,,manual
12308605,2014-10-22T01:27:33,S,EA,3,,manual
12482281,2014-10-23T20:06:49,N,NDA,3,,propagado
14984605,2014-10-25T20:08:32,S,NDA,1,idioma,manual
15076207,2014-10-25T17:27:05,S,ED,3,,propagado
13888896,2014-10-24T23:32:44,S,NDA,3,,manual
12092672,2014-10-22T15:12:39,S,NDA,3,manchete,propagado
10630437,2014-10-20T20:37:58,S,NDA,3,,propagado
12039323,2014-10-22T17:34:36,S,NDA,3,manchete,propagado
15045441,2014-10-25T18:32:32,N,NDA,3,,propagado
10754695,2014-10-20T14:32:22,S,NDA,1,,manual
11689956,2014-10-21T11:53:03,S,NDA,3,,propagado
11673226,2014-10-21T12:32:59,N,NDA,3,,manual
10081375,2014-10-19T22:55:24,S,EA,3,,propagado
15262907,2014-10-25T11:13:48,S,EA,2,link_morto,manual
14475324,2014-10-24T18:19:59,S,ED,2,,manual
12567846,2014-10-23T17:11:17,S,NDA,3,,propagado
14889045,2014-10-25T22:33:55,S,ED,3,,propagado
15302457,2014-10-25T09:30:23,S,NDA,3,idioma,manual
12648607,2014-10-23T13:46:07,S,EA,3,,propagado
14944474,2014-10-25T21:06:17,S,ED,3,,manual
12368132,2014-10-23T23:22:49,S,NDA,2,,manual
15007700,2014-10-25T19:31:03,S,NDA,3,,propagado
10034038,2014-10-19T23:10:48,S,EA,2,,propagado
11602061,2014-10-21T15:30:58,S,NDA,1,link_morto,manual
15308995,2014-10-25T09:07:54,S,EA,3,,manual
10698141,2014-10-20T17:29:53,S,NDA,3,,manual
11752762,2014-10-21T08:52:36,N,NDA,3,manchete,propagado
14556704,2014-10-24T15:22:21,N,NDA,3,,propagado
13817578,2014-10-24T23:46:49,S,EA,2,,propagado
15370137,2014-10-25T02:56:58,S,NDA,3,manchete,propagado
14942975,2014-10-25T21:08:12,S,ED,2,,propagado
14121169,2014-10-24T22:53:49,S,NDA,2,,manual
10064344,2014-10-19T23:00:39,S,NDA,3,,manual
15227483,2014-10-25T12:28:49,S,EA,3,idioma,manual
14958086,2014-10-25T20:48:23,S,EA,3,link_morto,propagado
13764506,2014-10-25T00:15:37,S,EA,2,,propagado
13737038,2014-10-25T00:34:17,S,ED,2,link_morto,propagado
15045520,2014-10-25T18:32:27,N,NDA,3,,propagado
13798624,2014-10-25T00:01:22,S,EA,2,,propagado
12547814,2014-10-23T17:46:32,S,NDA,3,link_morto,propagado
12570938,2014-10-23T17:06:12,N,NDA,3,,propagado
12075976,2014-10-22T15:57:57,S,EA,3,,manual
10596767,2014-10-20T21:43:04,N,NDA,3,,propagado
12495868,2014-10-23T19:37:36,S,NDA,3,,propagado
15333965,2014-10-25T07:22:58,S,NDA,3,idioma,manual
10862887,2014-10-20T08:48:21,S,NDA,2,,manual
14971658,2014-10-25T20:28:23,S,NDA,3,manchete,manual
13981617,2014-10-24T23:17:24,S,EA,3,,manual
14215883,2014-10-24T22:35:34,S,NDA,3,idioma,propagado
14755441,2014-10-24T08:08:05,S,EA,3,,propagado
11637712,2014-10-21T13:56:15,S,NDA,1,link_morto,propagado
11668319,2014-10-21T12:45:12,S,NDA,3,,propagado
15176002,2014-10-25T14:09:37,S,NDA,3,manchete,manual
10776111,2014-10-20T13:26:57,S,NDA,3,,manual
10246991,2014-10-19T19:42:37,N,NDA,3,,propagado
10616156,2014-10-20T21:03:02,S,ED,2,,manual
14468013,2014-10-24T18:35:43,S,EA,2,,manual
12647917,2014-10-23T13:47:43,S,EA,3,,propagado
14383409,2014-10-24T21:15:01,S,EA,3,,propagado
12059808,2014-10-22T16:39:44,S,NDA,2,terceiro,manual
14939604,2014-10-25T21:12:56,S,NDA,3,,propagado
15013579,2014-10-25T19:21:04,S,NDA,2,link_morto,propagado
13920737,2014-10-24T23:27:28,S,NDA,3,,manual
12393119,2014-10-23T22:43:13,S,NDA,3,,propagado
12552456,2014-10-23T17:37:55,S,ED,2,manchete,propagado
15178236,2014-10-25T14:05:17,N,NDA,3,,manual
9871845,2014-10-20T00:07:11,N,NDA,3,,manual
11970095,2014-10-22T20:11:36,S,NDA,3,,manual
15029754,2014-10-25T18:53:55,N,NDA,3,,propagado
12553758,2014-10-23T17:35:37,S,ED,2,,propagado
12741329,2014-10-23T09:52:10,S,ED,3,,propagado
14690635,2014-10-24T11:00:44,S,NDA,3,,propagado
12552450,2014-10-23T17:37:56,S,ED,2,manchete,propagado
13791954,2014-10-25T00:04:05,S,EA,2,,propagado
14429994,2014-10-24T19:53:35,S,NDA,1,link_morto,propagado
9860053,2014-10-20T00:15:38,S,NDA,3,,propagado
14149371,2014-10-24T22:48:21,S,NDA,3,,manual
15088517,2014-10-25T17:03:05,S,EA,1,link_morto,manual
10908124,2014-10-20T03:40:40,S,NDA,3,,propagado
12480419,2014-10-23T20:11:51,S,NDA,3,,propagado
15085211,2014-10-25T17:10:04,S,NDA,3,,manual
12049384,2014-10-22T17:06:30,S,NDA,1,link_morto,manual
15276814,2014-10-25T10:42:30,S,NDA,3,,propagado
12084936,2014-10-22T15:34:13,S,NDA,3,,manual
12214502,2014-10-22T09:44:43,S,ED,3,,manual
15029394,2014-10-25T18:54:26,N,NDA,3,,propagado
10253888,2014-10-19T19:23:13,S,EA,2,,manual
13953113,2014-10-24T23:21:51,S,EA,2,,manual
14137984,2014-10-24T22:50:31,S,NDA,3,,manual
12627191,2014-10-23T14:39:00,S,NDA,3,,manual
14838579,2014-10-24T01:01:50,S,EA,2,,manual
11502750,2014-10-21T19:43:32,S,NDA,3,manchete,propagado
12247907,2014-10-22T07:42:47,S,NDA,2,link_morto,propagado
12456979,2014-10-23T20:52:26,S,NDA,3,,manual
12705846,2014-10-23T11:29:42,N,NDA,3,,manual
14842969,2014-10-25T23:53:24,S,NDA,3,,manual
14568450,2014-10-24T14:58:09,N,NDA,3,manchete,propagado
12520366,2014-10-23T18:43:37,S,NDA,3,link_morto,propagado
12528749,2014-10-23T18:25:03,S,EA,3,,propagado
10235305,2014-10-19T20:14:03,S,NDA,3,,manual
12597409,2014-10-23T15:56:27,S,EA,3,,propagado
14718938,2014-10-24T09:54:44,S,NDA,3,,manual
13771747,2014-10-25T00:12:10,S,NDA,2,,manual
15228006,2014-10-25T12:27:42,S,ED,3,,manual
12499431,2014-10-23T19:29:42,?,NDA,3,,manual
13955370,2014-10-24T23:21:31,S,ED,2,,manual
14925372,2014-10-25T21:34:50,S,NDA,3,manchete,propagado
11494942,2014-10-21T20:00:19,S,EA,2,link_morto,propagado
14305570,2014-10-24T22:21:21,S,NDA,3,,manual
13786250,2014-10-25T00:06:13,S,EA,2,,propagado
11799356,2014-10-21T03:54:03,N,NDA,3,,propagado
12046942,2014-10-22T17:13:18,S,ED,2,,manual
12530787,2014-10-23T18:20:57,S,NDA,3,,propagado
12547742,2014-10-23T17:46:41,S,NDA,3,manchete,propagado
13933426,2014-10-24T23:25:26,N,ED,2,,propagado
15114310,2014-10-25T16:08:00,S,EA,3,link_morto,propagado
14528002,2014-10-24T16:23:30,N,ED,2,manchete,manual
12789585,2014-10-23T06:38:49,S,NDA,3,manchete,propagado
13847533,2014-10-24T23:41:00,S,EA,2,,manual
10164151,2014-10-19T22:27:15,S,NDA,3,,manual
12472258,2014-10-23T20:27:27,S,NDA,3,,propagado
12071576,2014-10-22T16:09:08,S,ED,3,,propagado
12252052,2014-10-22T07:20:45,S,NDA,3,manchete,propagado
11430464,2014-10-21T22:06:21,N,ED,2,,manual
12748143,2014-10-23T09:31:29,S,NDA,2,idioma,manual
9908454,2014-10-19T23:52:04,S,NDA,3,,manual
12717134,2014-10-23T10:59:27,N,EA,2,,manual
11488690,2014-10-21T20:13:47,S,NDA,2,,propagado
12545818,2014-10-23T17:50:12,S,NDA,3,link_morto,propagado
9870363,2014-10-20T00:08:05,N,NDA,3,idioma,manual
10849842,2014-10-20T09:37:25,N,NDA,3,,manual
12649082,2014-10-23T13:44:57,S,EA,3,,propagado
12447076,2014-10-23T21:10:13,N,NDA,3,,manual
12481622,2014-10-23T20:09:13,N,NDA,3,,manual
10759250,2014-10-20T14:18:09,N,NDA,3,manchete,manual
10423540,2014-10-19T10:10:38,S,NDA,2,manchete,propagado
14047364,2014-10-24T23:05:57,S,ED,2,,manual
12183392,2014-10-22T11:16:23,S,ED,1,link_morto,manual
12113867,2014-10-22T14:15:11,N,NDA,3,,manual
14032143,2014-10-24T23:09:00,S,EA,2,,propagado
12466434,2014-10-23T20:37:47,S,ED,3,,manual
14327192,2014-10-24T22:16:55,S,NDA,3,,manual
11930179,2014-10-22T21:30:13,?,NDA,3,manchete,manual
14719237,2014-10-24T09:54:00,N,NDA,3,,propagado
12238345,2014-10-22T08:24:35,S,NDA,3,,propagado
12390847,2014-10-23T22:46:51,S,NDA,2,link_morto,manual
15168587,2014-10-25T14:23:43,S,NDA,3,manchete,propagado
10615969,2014-10-20T21:03:23,S,NDA,3,,propagado
14727487,2014-10-24T09:33:25,S,NDA,3,manchete,propagado
10804779,2014-10-20T12:06:34,N,NDA,3,manchete,manual
14650945,2014-10-24T12:28:22,S,NDA,3,,propagado
12560937,2014-10-23T17:22:45,N,NDA,3,,propagado
14853574,2014-10-25T23:34:25,S,NDA,3,manchete,propagado
12398555,2014-10-23T22:34:35,S,NDA,3,link_morto,manual
15122951,2014-10-25T15:50:32,S,EA,3,link_morto,propagado
12512292,2014-10-23T19:00:19,S,NDA,3,link_morto,propagado
14759317,2014-10-24T07:54:26,S,NDA,3,manchete,propagado
10570657,2014-10-20T22:34:21,S,EA,2,link_morto,propagado
15224058,2014-10-25T12:35:16,?,EA,2,manchete,manual
12650252,2014-10-23T13:42:32,S,EA,3,,propagado
10453913,2014-10-19T07:02:48,S,EA,3,,manual
15037009,2014-10-25T18:43:15,S,NDA,3,,propagado
14297077,2014-10-24T22:22:47,S,NDA,3,manchete,manual
15158567,2014-10-25T14:42:02,S,EA,2,,manual
10044059,2014-10-19T23:07:41,N,NDA,3,manchete,manual
10262352,2014-10-19T18:56:14,N,NDA,3,manchete,manual
10021820,2014-10-19T23:14:20,S,ED,2,idioma,manual
11735050,2014-10-21T09:54:52,S,NDA,3,,propagado
11622680,2014-10-21T14:36:26,N,NDA,3,,manual
12761143,2014-10-23T08:48:51,S,ED,2,,propagado
10252947,2014-10-19T19:26:20,N,NDA,3,,propagado
15371427,2014-10-25T02:51:03,S,EA,2,,manual
12480864,2014-10-23T20:10:49,S,NDA,3,,propagado
10077073,2014-10-19T22:56:44,N,NDA,3,,propagado
15409110,2014-10-25T01:18:04,S,EA,2,,propagado
12036190,2014-10-22T17:43:11,S,NDA,3,manchete,propagado
14541339,2014-10-24T15:55:27,S,NDA,3,manchete,propagado
10850580,2014-10-20T09:34:39,S,NDA,3,,manual
12572654,2014-10-23T17:03:11,N,NDA,3,,propagado
11656213,2014-10-21T13:12:59,S,NDA,3,,manual
14338157,2014-10-24T22:14:07,S,NDA,3,,manual
10901807,2014-10-20T04:36:33,S,EA,2,link_morto,manual
14726822,2014-10-24T09:35:09,S,ED,2,,propagado
12365953,2014-10-23T23:26:33,S,NDA,3,link_morto,manual
14527768,2014-10-24T16:24:03,S,EA,2,,manual
12571533,2014-10-23T17:05:12,S,NDA,3,manchete,propagado
11562476,2014-10-21T17:13:35,S,EA,2,link_morto,propagado
12509871,2014-10-23T19:06:16,S,NDA,3,,manual
12165065,2014-10-22T12:04:16,S,ED,2,manchete,manual
11645236,2014-10-21T13:37:49,S,ED,2,,manual
12574394,2014-10-23T16:59:11,?,NDA,1,,propagado
12026475,2014-10-22T18:07:20,S,NDA,3,,manual
12212401,2014-10-22T09:51:13,S,ED,2,manchete,manual
11453940,2014-10-21T21:18:07,S,EA,2,,propagado
12673149,2014-10-23T12:49:41,S,NDA,3,,manual
15292544,2014-10-25T10:02:12,S,NDA,3,,manual
13961772,2014-10-24T23:20:30,N,EA,2,manchete,manual
15007437,2014-10-25T19:31:27,S,ED,2,manchete,manual
12464974,2014-10-23T20:40:00,S,NDA,3,manchete,manual
14423090,2014-10-24T20:07:36,S,NDA,3,,propagado
10277558,2014-10-19T18:08:30,N,NDA,3,,manual
15076258,2014-10-25T17:27:00,S,ED,3,,propagado
10275397,2014-10-19T18:15:39,S,ED,2,rt_ironico,manual
14051480,2014-10-24T23:05:03,S,NDA,3,manchete,propagado
14418559,2014-10-24T20:16:56,N,NDA,3,manchete,propagado
14622450,2014-10-24T13:21:44,S,EA,3,,propagado
11830397,2014-10-21T01:15:33,S,NDA,2,manchete,propagado
14213525,2014-10-24T22:36:00,S,NDA,3,idioma,propagado
14879637,2014-10-25T22:49:30,S,EA,2,link_morto,propagado
14451035,2014-10-24T19:11:24,S,NDA,3,,manual
10607189,2014-10-20T21:20:40,S,NDA,3,manchete,manual
14150366,2014-10-24T22:48:09,S,ED,2,,propagado
10256851,2014-10-19T19:13:48,N,NDA,3,,propagado
12469831,2014-10-23T20:31:56,S,NDA,3,,propagado
15292273,2014-10-25T10:02:57,S,EA,3,,manual
15081102,2014-10-25T17:17:46,S,NDA,3,manchete,manual
10267714,2014-10-19T18:39:57,S,EA,3,,manual
12241349,2014-10-22T08:11:08,N,NDA,3,manchete,manual
12624044,2014-10-23T14:46:54,S,EA,3,,propagado
12246322,2014-10-22T07:50:07,S,NDA,3,manchete,propagado
14809159,2014-10-24T02:45:07,S,EA,3,,propagado
10779248,2014-10-20T13:18:32,S,ED,2,,manual
10254656,2014-10-19T19:20:39,N,NDA,3,,propagado
15244149,2014-10-25T11:53:09,N,NDA,3,,propagado
14290543,2014-10-24T22:23:58,S,EA,2,,propagado
11599174,2014-10-21T15:38:33,S,NDA,3,manchete,propagado
14977959,2014-10-25T20:18:58,S,EA,3,,manual
12441505,2014-10-23T21:21:08,S,NDA,3,manchete,propagado
12545248,2014-10-23T17:51:17,S,NDA,1,link_morto,manual
14115300,2014-10-24T22:54:50,S,ED,2,,propagado
12235674,2014-10-22T08:34:38,S,NDA,3,manchete,propagado
10357985,2014-10-19T13:40:39,S,NDA,3,idioma,propagado
10474045,2014-10-19T03:43:49,S,EA,2,,manual
12530603,2014-10-23T18:21:18,S,NDA,3,,propagado
11494974,2014-10-21T20:00:17,S,NDA,3,manchete,propagado
13817105,2014-10-24T23:46:54,S,NDA,3,,manual
12448603,2014-10-23T21:07:27,N,NDA,3,,manual
11513622,2014-10-21T19:18:23,S,NDA,3,,propagado
10349320,2014-10-19T14:07:55,N,NDA,3,,manual
12604468,2014-10-23T15:36:50,N,NDA,3,,manual
14635958,2014-10-24T13:00:18,S,EA,3,,propagado
15058899,2014-10-25T18:04:43,S,ED,2,,manual
15042793,2014-10-25T18:35:46,S,NDA,3,manchete,propagado
12517928,2014-10-23T18:48:36,S,NDA,3,manchete,propagado
15104270,2014-10-25T16:29:28,N,NDA,3,,manual
14524894,2014-10-24T16:30:21,S,ED,2,,propagado
10214744,2014-10-19T21:06:27,S,EA,3,,propagado
12048660,2014-10-22T17:08:38,S,EA,3,,manual
12364814,2014-10-23T23:28:30,S,EA,2,manchete,propagado
14655671,2014-10-24T12:18:17,S,NDA,3,manchete,propagado
11766835,2014-10-21T07:53:46,S,NDA,3,manchete,propagado
9865412,2014-10-20T00:11:25,S,EA,2,,manual
12508423,2014-10-23T19:09:16,S,NDA,3,manchete,propagado
13778737,2014-10-25T00:09:11,S,ED,3,,manual
12534811,2014-10-23T18:12:57,N,NDA,3,,propagado
14411224,2014-10-24T20:31:58,S,EA,2,,propagado
11455265,2014-10-21T21:15:11,S,NDA,2,,manual
14426237,2014-10-24T20:01:09,S,NDA,1,link_morto,manual
15259925,2014-10-25T11:20:13,S,EA,3,,manual
12623808,2014-10-23T14:47:30,S,EA,2,,manual
10546857,2014-10-20T23:23:47,S,NDA,1,,manual
12737388,2014-10-23T10:03:56,N,NDA,3,,propagado
14148161,2014-10-24T22:48:34,N,NDA,3,,manual
14231444,2014-10-24T22:33:21,N,EA,2,,manual
14006089,2014-10-24T23:13:25,S,NDA,1,,manual
12525412,2014-10-23T18:33:02,N,NDA,3,manchete,manual
14185748,2014-10-24T22:40:40,S,NDA,3,idioma,propagado
11559677,2014-10-21T17:20:23,S,NDA,3,,propagado
14936521,2014-10-25T21:17:45,S,NDA,3,,propagado
15253120,2014-10-25T11:34:50,N,ED,2,idioma,manual
13800298,2014-10-25T00:00:25,S,NDA,3,,manual
12122246,2014-10-22T13:53:41,N,NDA,3,,manual
12107648,2014-10-22T14:33:03,N,NDA,3,manchete,propagado
11549053,2014-10-21T17:47:46,N,NDA,3,,manual
14865053,2014-10-25T23:14:00,S,ED,3,,propagado
14575000,2014-10-24T14:44:46,S,NDA,3,,propagado
14424957,2014-10-24T20:03:36,S,EA,2,,manual
14749200,2014-10-24T08:30:22,N,NDA,3,,propagado
14191658,2014-10-24T22:39:33,S,NDA,3,,manual
12540498,2014-10-23T18:01:01,N,NDA,3,,propagado
14973167,2014-10-25T20:26:04,N,NDA,3,manchete,propagado
11473423,2014-10-21T20:42:05,S,ED,2,,propagado
14648077,2014-10-24T12:34:12,S,NDA,3,idioma,manual
14514401,2014-10-24T16:53:21,N,NDA,3,manchete,manual
15040812,2014-10-25T18:38:14,S,NDA,2,idioma,propagado
12339975,2014-10-24T00:11:46,S,NDA,3,idioma,propagado
12460247,2014-10-23T20:47:05,S,ED,2,,propagado
12650894,2014-10-23T13:41:17,S,EA,3,,manual
14998337,2014-10-25T19:47:10,S,EA,3,link_morto,propagado
12738278,2014-10-23T10:01:21,N,NDA,3,,manual
15120843,2014-10-25T15:54:40,N,NDA,3,manchete,manual
10825597,2014-10-20T11:03:38,N,ED,2,idioma,manual
15004219,2014-10-25T19:37:03,S,NDA,3,manchete,propagado
12624908,2014-10-23T14:44:45,S,NDA,3,manchete,propagado
12461107,2014-10-23T20:45:43,S,EA,2,manchete,propagado
14536939,2014-10-24T16:04:38,N,NDA,3,,manual
11896666,2014-10-22T22:38:21,S,NDA,2,,manual
11919015,2014-10-22T21:54:51,N,NDA,3,,manual
11747541,2014-10-21T09:12:49,N,NDA,3,,propagado
10857282,2014-10-20T09:11:08,N,NDA,3,,manual
12575537,2014-10-23T16:56:03,S,EA,3,,propagado
14990075,2014-10-25T20:00:05,N,NDA,3,,propagado
12022276,2014-10-22T18:17:40,S,ED,3,,manual
12153525,2014-10-22T12:33:57,S,NDA,1,link_morto,propagado
12842987,2014-10-23T01:06:00,S,EA,2,idioma,manual
11567730,2014-10-21T17:00:50,S,EA,2,,propagado
15005070,2014-10-25T19:35:29,N,NDA,3,,manual
10428080,2014-10-19T09:50:36,N,NDA,3,link_morto,propagado
15162303,2014-10-25T14:35:13,S,NDA,3,,manual
12222742,2014-10-22T09:18:20,S,ED,2,,propagado
11778371,2014-10-21T06:54:50,S,NDA,3,,manual
10259953,2014-10-19T19:03:29,S,NDA,3,,manual
15104956,2014-10-25T16:27:51,S,NDA,3,,manual
12821185,2014-10-23T02:39:39,S,ED,3,,propagado
9944216,2014-10-19T23:39:58,N,ED,2,,manual
10667010,2014-10-20T19:14:44,S,NDA,3,manchete,propagado
10193338,2014-10-19T21:58:54,S,ED,2,,propagado
12237208,2014-10-22T08:29:25,S,NDA,3,manchete,propagado
12764030,2014-10-23T08:38:56,N,EA,2,manchete,propagado
11954163,2014-10-22T20:42:48,S,ED,2,,propagado
10031237,2014-10-19T23:11:41,S,EA,2,,propagado
12543194,2014-10-23T17:55:23,S,NDA,3,,propagado
14881146,2014-10-25T22:47:09,S,NDA,3,,propagado
14730565,2014-10-24T09:25:25,S,NDA,3,,manual
12227207,2014-10-22T09:03:11,S,NDA,3,,propagado
14423985,2014-10-24T20:05:41,S,NDA,3,,manual
13790342,2014-10-25T00:04:40,S,NDA,3,manchete,propagado
15019938,2014-10-25T19:10:12,S,NDA,3,manchete,propagado
11810438,2014-10-21T02:40:47,S,NDA,3,,manual
10687112,2014-10-20T18:12:19,S,NDA,3,,manual
11878816,2014-10-22T23:13:35,S,EA,2,manchete,propagado
11831948,2014-10-21T01:09:55,S,NDA,3,,manual
15026380,2014-10-25T18:59:33,S,NDA,3,manchete,propagado
12563337,2014-10-23T17:18:44,S,EA,3,,manual
15102517,2014-10-25T16:33:22,S,NDA,3,,propagado
14736572,2014-10-24T09:08:23,S,EA,3,,manual
13948503,2014-10-24T23:22:44,N,NDA,3,,manual
10647199,2014-10-20T20:09:11,S,ED,2,,propagado
10236645,2014-10-19T20:10:30,S,NDA,3,manchete,propagado
9883739,2014-10-20T00:01:13,S,NDA,3,,propagado
11628137,2014-10-21T14:21:13,S,ED,3,,manual
15018032,2014-10-25T19:13:33,S,EA,2,,propagado
10640644,2014-10-20T20:20:23,N,NDA,3,,propagado
10378641,2014-10-19T12:41:32,S,ED,2,,manual
12246824,2014-10-22T07:47:49,S,NDA,3,manchete,propagado
12137327,2014-10-22T13:15:03,S,ED,2,manchete,propagado
14187328,2014-10-24T22:40:21,S,EA,3,,propagado
12526301,2014-10-23T18:31:07,N,NDA,3,,manual
10631020,2014-10-20T20:36:58,S,NDA,3,,propagado
12209738,2014-10-22T09:59:40,S,ED,2,manchete,manual
12024102,2014-10-22T18:13:01,S,EA,2,,propagado
14259555,2014-10-24T22:28:53,S,ED,3,,manual
9935168,2014-10-19T23:42:46,S,EA,2,,manual
14710939,2014-10-24T10:14:01,S,NDA,3,,manual
11726814,2014-10-21T10:20:44,N,NDA,3,,propagado
10453521,2014-10-19T07:06:31,S,NDA,3,manchete,propagado
12242496,2014-10-22T08:06:10,S,NDA,3,manchete,propagado
14386143,2014-10-24T21:10:22,S,NDA,3,,manual
15266493,2014-10-25T11:05:57,S,ED,2,,manual
10303698,2014-10-19T16:44:43,S,NDA,3,manchete,propagado
11538678,2014-10-21T18:15:31,N,ED,2,manchete,manual
12648174,2014-10-23T13:47:05,S,EA,3,,propagado
10522500,2014-10-21T00:16:51,S,NDA,3,,propagado
10129926,2014-10-19T22:40:22,S,NDA,3,,manual
14515421,2014-10-24T16:51:06,N,NDA,3,manchete,propagado
11419314,2014-10-21T22:29:11,S,ED,2,link_morto,manual
10308825,2014-10-19T16:26:34,S,NDA,3,manchete,propagado
13963388,2014-10-24T23:20:15,S,NDA,3,,propagado
15054171,2014-10-25T18:15:23,S,EA,3,link_morto,propagado
14423798,2014-10-24T20:06:06,S,NDA,3,,propagado
14118865,2014-10-24T22:54:13,S,NDA,3,,manual
14558300,2014-10-24T15:19:08,?,NDA,3,idioma,manual
14479018,2014-10-24T18:11:45,S,EA,2,,manual
12320934,2014-10-24T00:49:40,S,EA,3,,propagado
14522647,2014-10-24T16:35:09,S,ED,2,,propagado
11508858,2014-10-21T19:29:18,N,EA,2,,manual
12582963,2014-10-23T16:35:28,S,EA,2,manchete,propagado
10033504,2014-10-19T23:10:58,S,EA,2,,propagado
14917334,2014-10-25T21:47:48,N,NDA,3,,manual
11742469,2014-10-21T09:30:12,N,NDA,3,,manual
10659818,2014-10-20T19:36:30,S,NDA,3,manchete,propagado
12345027,2014-10-24T00:02:11,N,EA,3,link_morto,propagado
10181397,2014-10-19T22:17:20,S,NDA,3,,propagado
9984381,2014-10-19T23:25:55,N,ED,2,,manual
15132154,2014-10-25T15:31:27,S,EA,3,link_morto,propagado
12546455,2014-10-23T17:49:07,S,EA,2,,manual
15416857,2014-10-25T01:06:46,S,EA,2,,propagado
14989345,2014-10-25T20:01:04,S,ED,3,,manual
10762958,2014-10-20T14:07:06,S,ED,3,,propagado
12564726,2014-10-23T17:16:26,S,EA,1,,manual
10684323,2014-10-20T18:21:09,S,NDA,3,manchete,propagado
15106020,2014-10-25T16:25:29,S,ED,2,manchete,propagado
11525702,2014-10-21T18:48:38,N,NDA,3,,manual
12516444,2014-10-23T18:51:38,S,NDA,3,manchete,propagado
15326856,2014-10-25T08:00:38,S,NDA,3,manchete,propagado
12559598,2014-10-23T17:25:08,S,EA,3,,propagado
15187090,2014-10-25T13:48:44,S,NDA,3,manchete,propagado
15015918,2014-10-25T19:17:06,S,EA,2,,propagado
11511027,2014-10-21T19:24:10,S,NDA,3,,propagado
12239862,2014-10-22T08:17:54,S,NDA,3,manchete,propagado
15015808,2014-10-25T19:17:15,S,NDA,3,manchete,propagado
14394752,2014-10-24T20:57:27,S,ED,3,,manual
14754244,2014-10-24T08:12:19,S,NDA,3,manchete,propagado
14161822,2014-10-24T22:46:03,S,EA,2,,manual
15039044,2014-10-25T18:40:22,S,NDA,3,,propagado
10315462,2014-10-19T16:02:49,N,NDA,3,,manual
14513825,2014-10-24T16:54:38,S,NDA,3,,propagado
10257215,2014-10-19T19:12:39,N,NDA,3,,manual
9847707,2014-10-20T00:27:43,S,EA,3,,manual
15091889,2014-10-25T16:55:48,S,EA,3,link_morto,propagado
12214336,2014-10-22T09:45:10,S,NDA,3,manchete,propagado
11552300,2014-10-21T17:39:47,N,NDA,3,,manual
14659343,2014-10-24T12:10:28,S,NDA,3,,propagado
14567414,2014-10-24T15:00:15,S,ED,3,,manual
15248780,2014-10-25T11:43:42,S,EA,2,,manual
12334445,2014-10-24T00:22:08,S,EA,2,manchete,propagado
10167334,2014-10-19T22:25:48,S,NDA,3,manchete,propagado
11753381,2014-10-21T08:50:14,S,NDA,3,,propagado
12115557,2014-10-22T14:10:48,N,NDA,3,,manual
12629507,2014-10-23T14:33:13,S,EA,2,manchete,propagado
12116997,2014-10-22T14:06:48,N,NDA,3,,manual
15413827,2014-10-25T01:10:50,S,EA,2,rt_ironico,propagado
14589707,2014-10-24T14:17:33,S,NDA,3,manchete,propagado
12480997,2014-10-23T20:10:32,S,NDA,3,,propagado
12648423,2014-10-23T13:46:31,S,EA,3,,propagado
10545083,2014-10-20T23:27:26,S,NDA,3,manchete,propagado
11546801,2014-10-21T17:53:45,S,NDA,2,,manual
10601961,2014-10-20T21:31:56,S,NDA,3,manchete,propagado
14649831,2014-10-24T12:30:37,S,NDA,3,link_morto,manual
15044252,2014-10-25T18:34:05,S,NDA,3,,manual
13716079,2014-10-25T00:54:54,S,EA,2,,propagado
12044445,2014-10-22T17:20:22,N,ED,3,,manual
15298294,2014-10-25T09:44:08,S,EA,1,,manual
12480809,2014-10-23T20:10:58,S,EA,3,,manual
9891107,2014-10-19T23:58:36,N,NDA,3,,manual
12568099,2014-10-23T17:10:51,S,NDA,3,,propagado
11400774,2014-10-21T23:07:12,S,NDA,3,,propagado
13952938,2014-10-24T23:21:53,S,ED,2,,manual
11408955,2014-10-21T22:50:15,S,NDA,3,,propagado
10259947,2014-10-19T19:03:30,N,NDA,3,,propagado
10194316,2014-10-19T21:56:54,S,ED,2,,manual
14493874,2014-10-24T17:38:20,N,NDA,3,,manual
12483301,2014-10-23T20:04:44,N,NDA,3,,manual
10253882,2014-10-19T19:23:14,S,EA,2,,manual
14437016,2014-10-24T19:39:38,N,NDA,3,link_morto,manual
11893813,2014-10-22T22:43:49,N,NDA,3,,manual
14511017,2014-10-24T17:00:36,N,NDA,3,,propagado
10659204,2014-10-20T19:38:21,S,NDA,3,,propagado
14655177,2014-10-24T12:19:18,S,NDA,1,link_morto,manual
12576910,2014-10-23T16:52:12,S,NDA,2,,manual
12504944,2014-10-23T19:17:56,S,ED,2,manchete,propagado
12585199,2014-10-23T16:29:27,S,ED,2,,propagado
15085383,2014-10-25T17:09:47,S,NDA,3,manchete,propagado
14208111,2014-10-24T22:36:50,S,NDA,3,,propagado
12329435,2014-10-24T00:31:51,S,EA,3,,propagado
12225684,2014-10-22T09:08:18,N,NDA,3,idioma,manual
15045134,2014-10-25T18:32:59,N,NDA,3,,propagado
11756189,2014-10-21T08:39:09,S,NDA,3,,manual
14149920,2014-10-24T22:48:14,S,EA,2,,manual
10423567,2014-10-19T10:10:31,N,NDA,2,link_morto,manual
13757579,2014-10-25T00:19:15,S,NDA,3,,manual
14947069,2014-10-25T21:03:04,N,NDA,3,,manual
10609032,2014-10-20T21:16:58,S,NDA,3,,propagado
15294999,2014-10-25T09:54:26,S,NDA,3,,manual
15105841,2014-10-25T16:25:54,S,EA,2,idioma,manual
12036482,2014-10-22T17:42:27,S,ED,3,,propagado
14636523,2014-10-24T12:59:13,N,NDA,3,,manual
11953750,2014-10-22T20:43:26,S,EA,3,,manual
12732206,2014-10-23T10:18:40,S,NDA,3,manchete,propagado
12559907,2014-10-23T17:24:32,N,NDA,3,,propagado
12649836,2014-10-23T13:43:24,S,EA,3,,propagado
10612653,2014-10-20T21:09:50,N,NDA,3,,propagado
11390412,2014-10-21T23:29:27,S,NDA,3,,manual
12653869,2014-10-23T13:35:10,S,ED,2,manchete,manual
12610700,2014-10-23T15:20:07,S,EA,3,,propagado
10533469,2014-10-20T23:51:42,S,ED,2,manchete,propagado
12645897,2014-10-23T13:52:52,S,EA,3,,propagado
12480549,2014-10-23T20:11:35,S,NDA,3,,propagado
12086604,2014-10-22T15:29:36,S,EA,3,,manual
15026303,2014-10-25T18:59:41,S,EA,3,,manual
15399510,2014-10-25T01:34:38,S,NDA,3,link_morto,manual
12500307,2014-10-23T19:27:51,S,NDA,3,,propagado
14507910,2014-10-24T17:07:08,N,NDA,3,,manual
13747848,2014-10-25T00:25:05,S,NDA,2,link_morto,manual
14539130,2014-10-24T16:00:13,S,EA,3,,propagado
15112103,2014-10-25T16:12:37,S,EA,3,link_morto,propagado
11535743,2014-10-21T18:23:08,S,EA,3,,manual
15268999,2014-10-25T11:00:28,N,NDA,3,,manual
12778365,2014-10-23T07:40:23,N,EA,3,,manual
13912586,2014-10-24T23:28:44,S,NDA,1,link_morto,manual
11662459,2014-10-21T12:59:23,S,ED,3,,manual
13786623,2014-10-25T00:06:04,S,NDA,2,rt_ironico,manual
10652287,2014-10-20T19:58:57,N,EA,3,,manual
12818205,2014-10-23T02:56:30,N,EA,2,,manual
14007026,2014-10-24T23:13:14,S,NDA,3,,manual
12075913,2014-10-22T15:58:09,N,EA,2,,manual
11511560,2014-10-21T19:22:55,N,NDA,3,,manual
14650808,2014-10-24T12:28:38,N,EA,2,,manual
12454656,2014-10-23T20:56:34,S,EA,2,manchete,propagado
11916947,2014-10-22T21:59:07,S,NDA,2,spam_tag,manual
15181132,2014-10-25T14:00:03,S,NDA,3,,manual
11512177,2014-10-21T19:21:29,N,ED,2,,propagado
11586706,2014-10-21T16:11:34,S,NDA,3,manchete,propagado
15282329,2014-10-25T10:28:59,S,EA,3,,propagado
14493906,2014-10-24T17:38:14,N,EA,2,,manual
15043572,2014-10-25T18:34:54,S,NDA,3,,propagado
10773268,2014-10-20T13:35:02,N,NDA,3,manchete,propagado
14858702,2014-10-25T23:25:15,S,ED,3,,manual
12633240,2014-10-23T14:24:16,S,EA,3,,propagado
10624392,2014-10-20T20:48:08,N,NDA,3,,propagado
14443617,2014-10-24T19:26:48,S,EA,3,,propagado
12774259,2014-10-23T07:59:46,S,NDA,3,,propagado
13765214,2014-10-25T00:15:14,N,ED,2,,manual
14715621,2014-10-24T10:02:34,N,EA,3,,manual
12485597,2014-10-23T20:00:17,S,NDA,2,,manual
14901142,2014-10-25T22:13:37,S,NDA,3,,manual
14525507,2014-10-24T16:29:01,S,NDA,3,,manual
15088429,2014-10-25T17:03:16,S,EA,3,link_morto,propagado
14426994,2014-10-24T19:59:41,S,ED,2,link_morto,propagado
12324126,2014-10-24T00:42:51,S,EA,3,,propagado
15173724,2014-10-25T14:13:46,S,NDA,3,,manual
15045645,2014-10-25T18:32:18,S,NDA,3,,propagado
14537446,2014-10-24T16:03:33,N,NDA,3,,propagado
10106251,2014-10-19T22:48:19,S,EA,2,,propagado
12426664,2014-10-23T21:49:33,S,ED,2,rt_ironico,propagado
11864149,2014-10-22T23:45:17,S,ED,2,,propagado
12608658,2014-10-23T15:25:34,S,NDA,3,,manual
13956132,2014-10-24T23:21:24,S,NDA,3,,manual
12193348,2014-10-22T10:47:50,S,NDA,3,manchete,manual
14612991,2014-10-24T13:36:48,S,NDA,3,,propagado
12059357,2014-10-22T16:40:49,S,NDA,3,manchete,propagado
14588423,2014-10-24T14:19:48,S,ED,2,manchete,propagado
14546774,2014-10-24T15:43:31,S,NDA,3,manchete,manual
14894619,2014-10-25T22:24:28,S,ED,2,,propagado
12356288,2014-10-23T23:42:48,N,NDA,3,link_morto,manual
12172475,2014-10-22T11:44:42,S,NDA,3,manchete,manual
15011334,2014-10-25T19:25:03,N,NDA,3,,propagado
12092522,2014-10-22T15:13:02,S,NDA,3,manchete,manual
12654115,2014-10-23T13:34:39,S,EA,3,,manual
14220147,2014-10-24T22:34:58,S,EA,2,,propagado
11870041,2014-10-22T23:31:40,S,NDA,3,manchete,manual
14438118,2014-10-24T19:37:22,S,NDA,3,,manual
13983459,2014-10-24T23:17:06,S,NDA,3,,manual
14539718,2014-10-24T15:59:09,S,NDA,3,manchete,manual
10666432,2014-10-20T19:16:16,N,NDA,3,,propagado
10226216,2014-10-19T20:39:07,S,EA,2,,manual
14909028,2014-10-25T22:01:07,S,EA,3,link_morto,propagado
12433167,2014-10-23T21:37:40,S,NDA,3,manchete,manual
14505241,2014-10-24T17:12:46,S,ED,2,,manual
12677085,2014-10-23T12:40:09,S,NDA,3,,manual
12344898,2014-10-24T00:02:26,N,NDA,3,,propagado
9854971,2014-10-20T00:20:12,S,NDA,3,,propagado
12086316,2014-10-22T15:30:20,N,EA,3,,propagado
11756289,2014-10-21T08:38:52,S,NDA,1,link_morto,manual
15088717,2014-10-25T17:02:42,S,NDA,3,,manual
12552822,2014-10-23T17:37:18,?,NDA,3,manchete,manual
11714928,2014-10-21T10:54:22,S,NDA,3,manchete,propagado
14915948,2014-10-25T21:50:12,S,NDA,3,,manual
14161110,2014-10-24T22:46:11,S,NDA,3,,propagado
10004914,2014-10-19T23:19:26,S,EA,2,,propagado
14659699,2014-10-24T12:09:44,N,NDA,3,manchete,propagado
11624663,2014-10-21T14:31:07,S,NDA,2,link_morto,propagado
14819440,2014-10-24T01:59:47,S,NDA,1,spam_tag,manual
14441222,2014-10-24T19:31:25,N,NDA,3,,propagado
9866733,2014-10-20T00:10:30,S,NDA,1,,manual
14426451,2014-10-24T20:00:46,S,NDA,3,,propagado
14878716,2014-10-25T22:50:55,S,EA,2,link_morto,propagado
15287035,2014-10-25T10:17:15,N,NDA,3,,manual
14427213,2014-10-24T19:59:15,S,ED,3,,propagado
12457015,2014-10-23T20:52:21,S,EA,2,manchete,manual
12429801,2014-10-23T21:44:23,S,EA,2,manchete,propagado
15420291,2014-10-25T01:02:21,S,EA,2,,manual
12525024,2014-10-23T18:33:53,S,ED,2,manchete,propagado
15262007,2014-10-25T11:15:48,N,NDA,3,,manual
15118532,2014-10-25T15:59:53,S,EA,3,link_morto,propagado
11415483,2014-10-21T22:36:43,S,NDA,2,,manual
14805271,2014-10-24T03:09:54,N,NDA,3,,manual
14925618,2014-10-25T21:34:26,S,NDA,3,,propagado
10238424,2014-10-19T20:05:38,N,NDA,3,manchete,manual
12537884,2014-10-23T18:06:49,S,NDA,3,link_morto,propagado
13993574,2014-10-24T23:15:29,S,NDA,3,,manual
14765193,2014-10-24T07:31:24,S,NDA,2,link_morto,propagado
10072133,2014-10-19T22:58:16,S,EA,3,,manual
13957810,2014-10-24T23:21:08,N,ED,3,,manual
13800377,2014-10-25T00:00:21,S,NDA,3,link_morto,manual
12534070,2014-10-23T18:14:27,S,NDA,3,manchete,propagado
12550167,2014-10-23T17:42:01,S,NDA,3,,propagado
15089876,2014-10-25T17:00:21,S,NDA,3,manchete,propagado
12693103,2014-10-23T12:01:43,S,EA,2,,manual
14884044,2014-10-25T22:42:03,S,ED,2,,propagado
10112215,2014-10-19T22:46:21,S,ED,3,,manual
13998837,2014-10-24T23:14:37,S,ED,2,,manual
10162691,2014-10-19T22:27:57,S,NDA,3,,manual
11977508,2014-10-22T19:55:46,S,NDA,3,manchete,manual
15012244,2014-10-25T19:23:25,S,NDA,3,manchete,propagado
11470939,2014-10-21T20:46:03,S,ED,3,,propagado
11922088,2014-10-22T21:48:14,S,NDA,2,,propagado
14058808,2014-10-24T23:03:33,S,NDA,3,idioma,propagado
14577618,2014-10-24T14:39:46,N,NDA,3,manchete,propagado
10260657,2014-10-19T19:01:12,N,ED,2,idioma,propagado
12564241,2014-10-23T17:17:16,S,NDA,3,,propagado
11596962,2014-10-21T15:44:33,S,EA,3,,manual
15131775,2014-10-25T15:32:11,S,NDA,3,,propagado
12745727,2014-10-23T09:39:18,S,EA,2,manchete,propagado
10848454,2014-10-20T09:42:38,S,NDA,3,,propagado
10864989,2014-10-20T08:39:51,N,NDA,3,,propagado
10470194,2014-10-19T04:15:32,S,NDA,2,manchete,manual
13902538,2014-10-24T23:30:22,S,NDA,3,,manual
12567286,2014-10-23T17:12:12,S,NDA,3,manchete,propagado
10649475,2014-10-20T20:05:21,S,NDA,3,manchete,propagado
14992949,2014-10-25T19:55:19,S,NDA,3,,propagado
12513207,2014-10-23T18:58:31,S,NDA,3,link_morto,propagado
10642494,2014-10-20T20:17:05,S,NDA,3,,propagado
12035146,2014-10-22T17:45:57,S,EA,2,,propagado
12471977,2014-10-23T20:28:00,S,NDA,3,manchete,propagado
14776109,2014-10-24T06:37:34,S,EA,2,,manual
10849164,2014-10-20T09:40:02,S,NDA,3,,propagado
10753998,2014-10-20T14:34:31,S,NDA,1,,manual
14338228,2014-10-24T22:14:06,N,ED,3,,manual
10296117,2014-10-19T17:09:39,N,EA,2,manchete,manual
14593033,2014-10-24T14:11:39,S,NDA,3,,manual
10680313,2014-10-20T18:33:10,S,ED,2,,manual
14245508,2014-10-24T22:31:06,N,NDA,3,,manual
12481099,2014-10-23T20:10:20,S,NDA,3,manchete,propagado
14427329,2014-10-24T19:59:03,S,NDA,1,link_morto,propagado
11782378,2014-10-21T06:27:19,S,NDA,3,,propagado
12585693,2014-10-23T16:28:12,N,ED,2,,propagado
10739791,2014-10-20T15:17:01,S,NDA,1,link_morto,manual
14646540,2014-10-24T12:37:32,S,ED,2,,manual
12725580,2014-10-23T10:36:31,N,NDA,3,,manual
11789374,2014-10-21T05:25:53,S,NDA,3,,propagado
14295862,2014-10-24T22:23:00,S,NDA,3,,manual
10885068,2014-10-20T06:57:14,S,NDA,3,,manual
12035726,2014-10-22T17:44:30,S,ED,2,,propagado
14697353,2014-10-24T10:45:04,S,EA,2,manchete,propagado
10272068,2014-10-19T18:26:13,N,NDA,3,,manual
10238234,2014-10-19T20:06:09,N,NDA,3,,propagado
10344557,2014-10-19T14:22:40,S,NDA,3,,manual
12572245,2014-10-23T17:03:55,N,NDA,3,,propagado
12688444,2014-10-23T12:13:07,S,NDA,3,,propagado
10255479,2014-10-19T19:18:08,S,NDA,3,,manual
15124517,2014-10-25T15:47:24,N,ED,2,,manual
12555010,2014-10-23T17:33:23,N,NDA,3,,manual
14019715,2014-10-24T23:11:11,S,NDA,3,,propagado
14650859,2014-10-24T12:28:31,S,NDA,3,,propagado
14728806,2014-10-24T09:30:00,S,EA,2,,propagado
12625810,2014-10-23T14:42:32,S,NDA,2,,manual
12648376,2014-10-23T13:46:37,S,EA,3,,propagado
14026668,2014-10-24T23:09:59,S,NDA,3,,manual
14639062,2014-10-24T12:53:35,S,NDA,3,manchete,propagado
12505175,2014-10-23T19:17:21,N,EA,2,manchete,manual
12439028,2014-10-23T21:26:28,S,NDA,3,,propagado
13929759,2014-10-24T23:26:04,S,NDA,3,,manual
12505948,2014-10-23T19:15:31,S,NDA,3,,propagado
12056911,2014-10-22T16:46:54,S,EA,2,,manual
10011884,2014-10-19T23:17:16,S,ED,2,,manual
12025176,2014-10-22T18:10:30,S,NDA,3,,propagado
15050173,2014-10-25T18:24:05,S,EA,3,link_morto,propagado
15402866,2014-10-25T01:28:43,S,EA,3,,manual
10020457,2014-10-19T23:14:42,S,EA,2,,propagado
10848016,2014-10-20T09:44:21,N,EA,2,link_morto,propagado
10175822,2014-10-19T22:21:21,S,NDA,3,,manual
12478389,2014-10-23T20:15:49,S,ED,2,manchete,manual
14511922,2014-10-24T16:58:58,N,ED,2,,propagado
15220882,2014-10-25T12:41:18,S,NDA,3,,manual
12274955,2014-10-22T04:36:06,S,ED,2,manchete,propagado
12442944,2014-10-23T21:18:18,S,NDA,3,,propagado
11756599,2014-10-21T08:37:44,S,NDA,3,,propagado
14518133,2014-10-24T16:45:05,N,EA,2,manchete,propagado
12172793,2014-10-22T11:43:52,N,EA,2,manchete,manual
15273720,2014-10-25T10:49:56,N,ED,2,idioma,propagado
12031325,2014-10-22T17:55:47,S,ED,1,link_morto,manual
14033659,2014-10-24T23:08:43,S,EA,2,,propagado
14929868,2014-10-25T21:27:54,N,NDA,3,,manual
14347948,2014-10-24T22:08:08,S,NDA,3,idioma,manual
14415371,2014-10-24T20:23:46,S,EA,2,,manual
12005994,2014-10-22T18:55:13,N,EA,2,,propagado
14030019,2014-10-24T23:09:24,S,ED,2,,propagado
14001258,2014-10-24T23:14:13,S,NDA,2,,manual
12464169,2014-10-23T20:41:09,S,NDA,3,manchete,propagado
10077995,2014-10-19T22:56:25,N,NDA,3,manchete,propagado
10611900,2014-10-20T21:11:23,S,ED,2,,manual
9855285,2014-10-20T00:19:52,S,ED,2,,propagado
12558868,2014-10-23T17:26:36,S,NDA,3,,propagado
14646628,2014-10-24T12:37:21,N,NDA,3,,manual
9994960,2014-10-19T23:22:37,S,ED,2,,manual
14544921,2014-10-24T15:47:35,S,NDA,3,idioma,manual
10652765,2014-10-20T19:57:33,S,NDA,3,,manual
11370820,2014-10-22T00:12:14,S,EA,2,,propagado
14898484,2014-10-25T22:17:54,S,ED,3,,manual
11512481,2014-10-21T19:20:48,S,NDA,3,,propagado
12557698,2014-10-23T17:28:46,S,NDA,3,,propagado
14740647,2014-10-24T08:56:11,S,EA,3,,propagado
14515043,2014-10-24T16:51:55,N,EA,2,,propagado
15041396,2014-10-25T18:37:30,S,NDA,3,manchete,propagado
12530042,2014-10-23T18:22:25,S,NDA,3,link_morto,propagado
14344359,2014-10-24T22:11:46,S,NDA,3,,manual
14275796,2014-10-24T22:26:24,S,NDA,2,,manual
13789063,2014-10-25T00:05:07,S,NDA,3,manchete,propagado
13726505,2014-10-25T00:44:03,S,NDA,3,manchete,propagado
12470766,2014-10-23T20:30:11,N,ED,2,manchete,manual
12710187,2014-10-23T11:18:12,S,EA,3,,manual
12521357,2014-10-23T18:41:25,S,NDA,2,,propagado
14539235,2014-10-24T16:00:03,N,NDA,3,,manual
15318597,2014-10-25T08:34:51,N,NDA,3,,manual
13737018,2014-10-25T00:34:18,S,ED,3,,manual
14858938,2014-10-25T23:24:50,S,NDA,3,idioma,manual
10273648,2014-10-19T18:21:12,S,NDA,2,,manual
12516212,2014-10-23T18:52:08,S,NDA,3,,propagado
14324840,2014-10-24T22:17:25,S,ED,2,manchete,manual
12645681,2014-10-23T13:53:21,S,EA,3,,propagado
10200332,2014-10-19T21:43:51,S,NDA,3,,manual
14886467,2014-10-25T22:38:07,S,ED,3,,manual
12125718,2014-10-22T13:44:31,S,NDA,3,manchete,propagado
12320270,2014-10-24T00:51:03,S,EA,3,,manual
13869048,2014-10-24T23:36:32,S,NDA,2,,propagado
14102486,2014-10-24T22:56:30,S,ED,3,,manual
14926435,2014-10-25T21:33:05,S,NDA,3,manchete,propagado
12334250,2014-10-24T00:22:30,S,NDA,3,,manual
12617761,2014-10-23T15:02:47,S,EA,2,manchete,manual
14954347,2014-10-25T20:53:26,N,NDA,3,,propagado
12489743,2014-10-23T19:51:12,S,NDA,3,,propagado
11599692,2014-10-21T15:37:06,S,NDA,3,manchete,propagado
15090818,2014-10-25T16:58:14,S,ED,2,,propagado
14708162,2014-10-24T10:20:45,S,NDA,3,manchete,propagado
11446173,2014-10-21T21:34:20,S,EA,2,,propagado
11562937,2014-10-21T17:12:30,S,EA,2,,manual
14605006,2014-10-24T13:50:17,S,NDA,3,,propagado
15366633,2014-10-25T03:14:43,S,NDA,3,,manual
15028896,2014-10-25T18:55:12,S,NDA,3,,propagado
14929984,2014-10-25T21:27:42,S,EA,3,,propagado
12109732,2014-10-22T14:27:18,S,NDA,3,link_morto,manual
12506506,2014-10-23T19:14:24,S,NDA,3,manchete,propagado
14035548,2014-10-24T23:08:21,S,EA,2,,propagado
10702723,2014-10-20T17:15:47,N,NDA,3,,manual
14508950,2014-10-24T17:04:52,S,ED,2,manchete,propagado
12226170,2014-10-22T09:06:38,N,NDA,3,idioma,propagado
12196439,2014-10-22T10:38:37,S,NDA,2,,manual
14573917,2014-10-24T14:46:53,S,ED,2,manchete,propagado
15117189,2014-10-25T16:02:30,N,NDA,3,,manual
15044589,2014-10-25T18:33:41,S,NDA,3,,propagado
12349659,2014-10-23T23:54:17,S,EA,3,,manual
14622606,2014-10-24T13:21:31,S,ED,3,,manual
11463269,2014-10-21T20:59:09,S,NDA,3,,propagado
14903138,2014-10-25T22:10:24,S,EA,2,,manual
10288244,2014-10-19T17:34:35,N,NDA,3,,manual
11687677,2014-10-21T11:58:48,S,ED,2,manchete,manual
12650007,2014-10-23T13:43:02,S,EA,3,,propagado
12549513,2014-10-23T17:43:16,S,NDA,3,,propagado
12125051,2014-10-22T13:46:20,S,ED,2,,manual
12544208,2014-10-23T17:53:18,S,NDA,3,manchete,propagado
14337843,2014-10-24T22:14:12,S,ED,2,,manual
14712219,2014-10-24T10:10:58,N,EA,3,,manual
12143409,2014-10-22T13:00:32,N,ED,3,,manual
15189054,2014-10-25T13:45:12,S,NDA,3,,manual
14727773,2014-10-24T09:32:44,S,NDA,3,manchete,propagado
15035308,2014-10-25T18:45:36,N,NDA,3,,propagado
10669396,2014-10-20T19:07:16,S,NDA,3,manchete,propagado
15043149,2014-10-25T18:35:21,S,NDA,2,,manual
10150700,2014-10-19T22:33:01,S,ED,2,,manual
10803510,2014-10-20T12:10:22,S,ED,2,,manual
12533684,2014-10-23T18:15:16,S,NDA,3,manchete,propagado
12782162,2014-10-23T07:22:16,N,EA,2,manchete,propagado
12546633,2014-10-23T17:48:52,S,NDA,3,,propagado
12386585,2014-10-23T22:53:16,S,NDA,1,,manual
12825861,2014-10-23T02:14:50,N,EA,3,,manual
14923371,2014-10-25T21:38:01,S,ED,2,,propagado
14762878,2014-10-24T07:41:13,N,EA,3,,manual
15037450,2014-10-25T18:42:38,S,NDA,3,manchete,propagado
12626520,2014-10-23T14:40:40,S,NDA,3,,manual
10698613,2014-10-20T17:28:16,N,EA,2,manchete,manual
15071876,2014-10-25T17:36:00,S,NDA,3,manchete,propagado
14133106,2014-10-24T22:51:26,S,EA,2,,manual
